"p_val","avg_log2FC","pct.1","pct.2","p_val_adj","cluster","gene","diffexpressed"
7.21391993037209e-113,0.80787477298777,0.853,0.751,2.32894191032132e-108,"heterozygous","Gm47283","UP"
2.73241421990542e-63,0.348427712566211,0.988,0.989,8.82132606754264e-59,"heterozygous","Zeb2","UP"
2.74768609098488e-60,-0.269257060316265,0.994,0.999,8.87062977613557e-56,"heterozygous","Gm42418","DOWN"
6.36885361948429e-59,0.478056694775439,0.961,0.962,2.05612070251431e-54,"heterozygous","Mef2c","UP"
5.43767104358427e-46,0.298934026856175,0.975,0.976,1.75549771971075e-41,"heterozygous","Pam","UP"
6.77916893682202e-37,0.407545429298919,0.569,0.44,2.18858689956362e-32,"heterozygous","Arhgap15","UP"
1.03090797827379e-35,0.479322381275928,0.942,0.939,3.3281833170591e-31,"heterozygous","Mir99ahg","UP"
4.37747390687641e-33,0.20440790882944,0.974,0.971,1.41322367609598e-28,"heterozygous","Rbm39","UP"
2.50991024575333e-32,0.24255046549565,0.966,0.956,8.10299423739006e-28,"heterozygous","C130071C03Rik","UP"
1.9734506773127e-31,0.337306622136914,0.725,0.639,6.37108816663632e-27,"heterozygous","Fgf1","UP"
5.14167739114883e-29,-0.289292213621118,0.247,0.385,1.65993912895849e-24,"heterozygous","Gm46102","DOWN"
1.1420896416463e-26,0.276494928064524,0.809,0.756,3.68712219909092e-22,"heterozygous","9630014M24Rik","UP"
3.32613657925288e-26,0.191711764788922,0.969,0.965,1.073809933246e-21,"heterozygous","Pnisr","UP"
2.4842740750248e-25,0.532708352308062,0.716,0.647,8.02023042381008e-21,"heterozygous","Gm38505","UP"
1.32826873404603e-23,-0.17619147043455,0.22,0.342,4.28818278099419e-19,"heterozygous","Hlf","DOWN"
8.31530779125519e-23,0.137126573087436,1,1,2.68451396732883e-18,"heterozygous","Tcf4","UP"
1.65996764306555e-22,-0.284387386201978,0.774,0.854,5.35903953887282e-18,"heterozygous","Cdh2","DOWN"
2.15866204668942e-22,0.352876349179534,0.923,0.914,6.96902455153212e-18,"heterozygous","Sox2ot","UP"
2.41740779256122e-22,0.270447083146948,0.926,0.921,7.80435931750464e-18,"heterozygous","Epha5","UP"
3.98801079014033e-21,-0.152603883742387,0.964,0.975,1.2874894034889e-16,"heterozygous","Lncpint","DOWN"
6.28035893675188e-21,-0.166050448477731,0.494,0.628,2.02755107914098e-16,"heterozygous","Banp","DOWN"
2.46456812704662e-20,-0.200286023135983,0.413,0.534,7.9566117413573e-16,"heterozygous","Camk2n1","DOWN"
1.45448304539656e-19,0.187366528091348,0.937,0.928,4.69565306375825e-15,"heterozygous","Prpf4b","UP"
1.18556742650214e-18,-0.130905016901082,0.177,0.282,3.82748587971951e-14,"heterozygous","Fkbp5","DOWN"
3.17774668045787e-18,0.184893349370247,0.976,0.981,1.02590373831902e-13,"heterozygous","Pde10a","UP"
8.76110341443494e-18,0.186641162421258,0.996,0.993,2.82843462631618e-13,"heterozygous","Sntg1","UP"
1.00457339900334e-17,0.290413374890122,0.675,0.608,3.24316476134238e-13,"heterozygous","Dlx1as","UP"
1.27482489360471e-17,-0.147043573502467,0.266,0.379,4.11564468651344e-13,"heterozygous","Klf9","DOWN"
2.01960205408885e-17,0.257184852816365,0.296,0.205,6.52008327142044e-13,"heterozygous","Ltbp1","UP"
3.03439492256608e-17,-0.112173173449814,0.216,0.323,9.79624056801234e-13,"heterozygous","Per1","DOWN"
3.35558685074489e-17,-0.198980974762116,0.746,0.84,1.08331765889448e-12,"heterozygous","Zbtb16","DOWN"
1.24020925925456e-16,-0.133383363151606,0.37,0.49,4.00389157257743e-12,"heterozygous","Smpd3","DOWN"
1.51010850986844e-16,-0.129280405156715,0.273,0.38,4.87523431325929e-12,"heterozygous","Mrps6","DOWN"
1.63813678279631e-16,-0.158360524062184,0.836,0.904,5.28856078957961e-12,"heterozygous","Rufy3","DOWN"
2.47569705697527e-16,-0.139165286438119,0.34,0.449,7.99254037873895e-12,"heterozygous","Mxi1","DOWN"
2.61978405259286e-16,-0.166343584028199,0.498,0.612,8.45771083539078e-12,"heterozygous","Tmsb4x","DOWN"
3.68894446170278e-16,0.178289142238082,0.819,0.812,1.19093883001613e-11,"heterozygous","Crebzf","UP"
4.21831545532239e-16,0.145508075920673,0.995,0.997,1.36184096159628e-11,"heterozygous","Ube3a","UP"
5.00124433494798e-16,0.218252522206977,0.168,0.097,1.6146017210946e-11,"heterozygous","Gm17750","UP"
5.24233667814862e-16,-0.146437205150962,0.432,0.549,1.6924359731735e-11,"heterozygous","Tef","DOWN"
1.3356118030061e-15,0.240543384006787,0.913,0.923,4.31188914482488e-11,"heterozygous","Gm20642","UP"
1.59435065291658e-15,-0.117155754430222,0.279,0.385,5.14720164787588e-11,"heterozygous","Hsph1","DOWN"
4.55990880715429e-15,-0.111229148265701,0.218,0.315,1.47212095930169e-10,"heterozygous","Sh3bgrl2","DOWN"
5.16415625841938e-15,0.136383631318925,1,1,1.66719620646811e-10,"heterozygous","Dlg2","UP"
1.39786217462924e-14,-0.100266296863774,0.24,0.34,4.51285824457305e-10,"heterozygous","Hrh3","DOWN"
2.04546375743155e-14,-0.119505449467058,0.393,0.505,6.60357519449201e-10,"heterozygous","Kcnab2","DOWN"
2.48155256734751e-14,-0.14179883480851,0.861,0.917,8.01144430842471e-10,"heterozygous","Sik3","DOWN"
4.87006299354467e-14,-0.343853769684563,0.635,0.714,1.57225113683596e-09,"heterozygous","Cdh13","DOWN"
5.68641695393313e-14,0.167605089590962,0.263,0.183,1.83580284940777e-09,"heterozygous","Mid1","UP"
6.2266237270583e-14,-0.147941955796389,0.301,0.4,2.0102032040435e-09,"heterozygous","Gm33228","DOWN"
7.02043181444071e-14,-0.140329485664771,0.518,0.619,2.26647620697404e-09,"heterozygous","Zfyve28","DOWN"
7.37138228652423e-14,-0.122070355039723,0.933,0.96,2.37977705738148e-09,"heterozygous","Srpk2","DOWN"
7.93491968530172e-14,-0.190296496681322,0.692,0.782,2.56170947120281e-09,"heterozygous","Serpini1","DOWN"
8.34307723126205e-14,-0.148772005831593,0.786,0.856,2.69347905334064e-09,"heterozygous","Clip1","DOWN"
1.03108285097047e-13,0.160303525510558,0.982,0.979,3.32874787607308e-09,"heterozygous","Ahi1","UP"
1.64126964648552e-13,-0.210639228665473,0.216,0.302,5.29867492671385e-09,"heterozygous","Gm15155","DOWN"
1.80622310068959e-13,-0.127903806976777,0.502,0.613,5.83121065826627e-09,"heterozygous","Nr1d2","DOWN"
1.81704141666687e-13,-0.10432053438469,0.152,0.232,5.86613650956732e-09,"heterozygous","Bcl6","DOWN"
2.07271271597403e-13,-0.114788789453163,0.368,0.476,6.69154573225054e-09,"heterozygous","Usp10","DOWN"
2.37026213726935e-13,0.172482567338496,0.884,0.886,7.65215428396038e-09,"heterozygous","Luc7l3","UP"
3.24291837812179e-13,-0.120002607556588,0.322,0.425,1.04694376919284e-08,"heterozygous","Catspere2","DOWN"
5.0418096421208e-13,0.28970590152471,0.377,0.305,1.62769782486228e-08,"heterozygous","4930447N08Rik","UP"
5.22644450182926e-13,-0.102404200650215,0.367,0.478,1.68730534297056e-08,"heterozygous","Lrrc4b","DOWN"
1.3679642539424e-12,-0.192314716698167,0.623,0.705,4.41633579742765e-08,"heterozygous","Adamts17","DOWN"
1.41980556081878e-12,-0.119445660793235,0.53,0.635,4.58370027254734e-08,"heterozygous","Sec14l1","DOWN"
1.47697565063779e-12,-0.139993196534636,0.731,0.817,4.76826819051905e-08,"heterozygous","Fnip1","DOWN"
1.65081495941169e-12,-0.134022189097605,0.805,0.871,5.32949101496469e-08,"heterozygous","Srcin1","DOWN"
1.72396659119119e-12,-0.122740159657845,0.532,0.645,5.56565374300165e-08,"heterozygous","Pde4a","DOWN"
1.74851999964153e-12,-0.107990580971974,0.435,0.548,5.64492196684273e-08,"heterozygous","Ubxn7","DOWN"
2.0559776812729e-12,-0.190076676661119,1,1,6.63751834622143e-08,"heterozygous","Cntnap2","DOWN"
2.24654515346558e-12,-0.140756450790008,0.613,0.71,7.25274637344829e-08,"heterozygous","Sesn3","DOWN"
2.3873618717585e-12,-0.12875833219251,0.589,0.693,7.70735906678513e-08,"heterozygous","Fam222b","DOWN"
2.39608156566839e-12,0.228595824829298,0.428,0.363,7.73550972660382e-08,"heterozygous","Gm26854","UP"
3.26095654928925e-12,-0.107561703868122,0.437,0.549,1.05276721237254e-07,"heterozygous","Mef2d","DOWN"
3.34093989214742e-12,-0.123374761164672,0.929,0.961,1.07858903478087e-07,"heterozygous","Kansl1","DOWN"
3.87463142051012e-12,-0.104135045925362,0.253,0.339,1.25088600779749e-07,"heterozygous","Bcar1","DOWN"
4.3619848955477e-12,-0.103789747932755,0.336,0.436,1.40822320367862e-07,"heterozygous","Gm12940","DOWN"
5.03186378445062e-12,-0.121336038991787,0.25,0.339,1.62448690417204e-07,"heterozygous","Efnb2","DOWN"
6.07768079876683e-12,-0.125787328851313,0.647,0.736,1.96211846907388e-07,"heterozygous","Mpc1","DOWN"
7.6669612212452e-12,-0.125802981270476,0.806,0.871,2.4752017606668e-07,"heterozygous","Tcf20","DOWN"
7.69235849809989e-12,0.175849222440225,0.981,0.981,2.48340101752657e-07,"heterozygous","Magi1","UP"
8.77966399520779e-12,-0.121425062673763,0.532,0.63,2.83442672421288e-07,"heterozygous","Zfp106","DOWN"
1.01483236096594e-11,-0.145758850777296,0.621,0.704,3.27628479414244e-07,"heterozygous","Gfod1","DOWN"
1.14125573251146e-11,-0.178353627242533,0.979,0.995,3.68443000683999e-07,"heterozygous","Negr1","DOWN"
1.21403103319165e-11,-0.124589448642143,0.964,0.985,3.91937778755592e-07,"heterozygous","Mapk10","DOWN"
1.49060923971343e-11,0.182844775706149,0.844,0.825,4.81228286949085e-07,"heterozygous","Snhg20","UP"
1.90767020584974e-11,0.180920664961459,0.876,0.869,6.15872249256529e-07,"heterozygous","5330438D12Rik","UP"
1.96440654972092e-11,-0.111952187066991,0.53,0.635,6.34189010511902e-07,"heterozygous","Tent4b","DOWN"
2.47195875626941e-11,-0.109860587271315,0.359,0.456,7.98047164874017e-07,"heterozygous","Ssbp3","DOWN"
3.11351818616086e-11,-0.128043019378183,0.949,0.971,1.00516821122017e-06,"heterozygous","Syn2","DOWN"
3.18942934139367e-11,0.291277082991632,0.689,0.631,1.02967536857553e-06,"heterozygous","Cdh12","UP"
3.33612947194009e-11,0.168640244140315,0.422,0.354,1.07703603872114e-06,"heterozygous","Fbn1","UP"
3.43036588780512e-11,0.126614991473778,0.179,0.12,1.10745932321901e-06,"heterozygous","Adam2","UP"
4.04131468072185e-11,-0.120581105329261,0.491,0.589,1.30469803152424e-06,"heterozygous","Aatk","DOWN"
6.2290453921113e-11,-0.11651910293238,0.448,0.548,2.01098501438921e-06,"heterozygous","Nploc4","DOWN"
6.28454183960079e-11,-0.132297723283831,0.457,0.546,2.02890148749672e-06,"heterozygous","Wipf3","DOWN"
7.14901110934041e-11,0.332109814033721,0.593,0.554,2.30798674653946e-06,"heterozygous","Gm15398","UP"
7.42119530644082e-11,-0.112344488150786,0.423,0.519,2.39585869273135e-06,"heterozygous","Camkv","DOWN"
8.54926797558383e-11,-0.134037822052778,0.671,0.75,2.76004567323748e-06,"heterozygous","Mrtfb","DOWN"
9.96600666412738e-11,0.184833325837767,0.518,0.464,3.21742559144688e-06,"heterozygous","H3f3b","UP"
1.02302113619593e-10,-0.132379278008261,0.555,0.642,3.30272143609494e-06,"heterozygous","Clip4","DOWN"
1.17781203388363e-10,0.248709900390655,0.681,0.633,3.80244837018991e-06,"heterozygous","Car10","UP"
1.19026223369711e-10,-0.112329771189993,0.542,0.639,3.84264259526775e-06,"heterozygous","Fam214a","DOWN"
1.34038028542762e-10,-0.111872251990182,0.107,0.169,4.32728371347451e-06,"heterozygous","Ankfn1","DOWN"
1.44891547776544e-10,-0.11714232095553,0.706,0.783,4.67767872841796e-06,"heterozygous","Cpeb4","DOWN"
1.62226137007375e-10,-0.101029522603676,0.499,0.601,5.23730860714608e-06,"heterozygous","Agap3","DOWN"
1.67679937843075e-10,0.180208183197648,0.513,0.461,5.41337911332583e-06,"heterozygous","E530011L22Rik","UP"
1.7383180643174e-10,0.215485099703199,0.945,0.946,5.61198603884228e-06,"heterozygous","Oxr1","UP"
1.81253211805072e-10,-0.11175631915653,0.628,0.724,5.85157868991496e-06,"heterozygous","Ppp1r13b","DOWN"
1.86118649895858e-10,-0.118913978355021,0.688,0.775,6.00865449323789e-06,"heterozygous","Purg","DOWN"
2.09060428337545e-10,-0.127872320568975,0.832,0.889,6.74930686844929e-06,"heterozygous","Gnao1","DOWN"
2.18413675637237e-10,-0.148366489201283,0.454,0.544,7.05126710427257e-06,"heterozygous","Sphkap","DOWN"
2.64616106959241e-10,-0.120558698030444,0.809,0.865,8.54286639707215e-06,"heterozygous","Spire1","DOWN"
2.84383375527216e-10,0.162393324476661,0.707,0.672,9.18103289552064e-06,"heterozygous","Zfp532","UP"
2.91700077315159e-10,-0.116080352127159,0.801,0.86,9.41724529604259e-06,"heterozygous","Crebbp","DOWN"
3.52996412660775e-10,-0.11046437502628,0.793,0.862,1.13961361863404e-05,"heterozygous","Map4k3","DOWN"
3.54824581184776e-10,-0.117818666845274,0.664,0.761,1.14551567789693e-05,"heterozygous","Syp","DOWN"
3.79978276684044e-10,-0.118295660306266,0.629,0.715,1.22672186844677e-05,"heterozygous","Pds5b","DOWN"
4.10473652706056e-10,-0.110924532236716,0.793,0.861,1.32517314039623e-05,"heterozygous","Acap2","DOWN"
4.18483349416265e-10,-0.110902976858912,0.457,0.551,1.35103164525547e-05,"heterozygous","Sirpa","DOWN"
4.30226371523288e-10,-0.125611437950928,0.743,0.835,1.38894281782578e-05,"heterozygous","Sv2a","DOWN"
4.58210139029711e-10,0.198514138894467,0.72,0.696,1.47928561284352e-05,"heterozygous","Grip1os2","UP"
4.79610867172663e-10,-0.104977777969237,0.427,0.518,1.54837572358022e-05,"heterozygous","Ttc39c","DOWN"
5.21672762167085e-10,-0.122899541559518,0.679,0.747,1.68416834538022e-05,"heterozygous","Fam110b","DOWN"
5.78619351326844e-10,0.13377096027084,0.926,0.931,1.86801471382358e-05,"heterozygous","Hnrnpa2b1","UP"
6.36370890078586e-10,-0.105309881398202,0.412,0.499,2.05445978152971e-05,"heterozygous","Crk","DOWN"
6.53818566285526e-10,-0.122420543865065,0.765,0.827,2.11078785939619e-05,"heterozygous","Arhgef11","DOWN"
6.58829117157045e-10,-0.141624347107064,0.523,0.603,2.12696392182981e-05,"heterozygous","Wasf1","DOWN"
7.09894218658579e-10,-0.118824012780153,0.775,0.845,2.29182249551736e-05,"heterozygous","Rabep1","DOWN"
7.53187908900578e-10,-0.195232307698774,0.905,0.949,2.43159184509463e-05,"heterozygous","Kcnip4","DOWN"
7.66399410284729e-10,-0.108765895598061,0.647,0.734,2.47424385616322e-05,"heterozygous","Pum1","DOWN"
7.74441150269818e-10,0.167993429582248,0.734,0.702,2.50020580953108e-05,"heterozygous","A330102I10Rik","UP"
8.35388146996786e-10,-0.143703674825447,0.481,0.573,2.69696709376442e-05,"heterozygous","Lhfpl3","DOWN"
9.60625938232954e-10,-0.116153985154876,0.872,0.922,3.10128477899127e-05,"heterozygous","Ubr5","DOWN"
1.00067365860935e-09,-0.105775735640737,0.764,0.829,3.23057483945441e-05,"heterozygous","Rab6b","DOWN"
1.02567773471766e-09,0.153415018555312,0.854,0.861,3.31129799876248e-05,"heterozygous","Srsf5","UP"
1.05357889202653e-09,-0.201066491376821,0.405,0.493,3.40137409501845e-05,"heterozygous","Nell1","DOWN"
1.09191187958596e-09,0.169512649079043,0.975,0.988,3.52512831205532e-05,"heterozygous","Robo1","UP"
2.05458698571292e-09,-0.184211765059914,0.856,0.904,6.63302862467558e-05,"heterozygous","Cntn5","DOWN"
2.18948250227404e-09,-0.100235070717114,0.454,0.55,7.06852531034149e-05,"heterozygous","Selenow","DOWN"
2.32200006996511e-09,0.182800277633286,0.934,0.94,7.49634502587536e-05,"heterozygous","Nrg3os","UP"
2.44838687013139e-09,-0.127454888261951,0.355,0.438,7.90437217153219e-05,"heterozygous","Chn2","DOWN"
2.48619835591067e-09,-0.157372712667107,0.104,0.159,8.02644277222201e-05,"heterozygous","Pard3b","DOWN"
2.54455586645139e-09,-0.104005461334022,0.84,0.889,8.21484415925166e-05,"heterozygous","Phf21a","DOWN"
2.5466764530494e-09,-0.107563392945885,0.712,0.799,8.2216902610247e-05,"heterozygous","Kif5a","DOWN"
2.73729567233407e-09,-0.13456259574212,0.611,0.694,8.83708534856331e-05,"heterozygous","Lcorl","DOWN"
2.84009260337273e-09,-0.142196258641841,0.772,0.828,9.16895496072852e-05,"heterozygous","Ahcyl2","DOWN"
3.07754474951895e-09,-0.110985875224015,0.466,0.553,9.93554546934699e-05,"heterozygous","Bcr","DOWN"
3.18355507712938e-09,-0.113931931435112,0.639,0.73,0.000102777892110045,"heterozygous","Desi2","DOWN"
3.36574527954155e-09,-0.110178665174963,0.176,0.241,0.000108659720604719,"heterozygous","Mmp17","DOWN"
3.38108095648458e-09,-0.164038910567163,0.422,0.498,0.000109154817599148,"heterozygous","Fhit","DOWN"
3.64331668878545e-09,-0.130729259413207,0.456,0.539,0.00011762083598075,"heterozygous","Ppp1r2","DOWN"
3.69727057009285e-09,-0.358402826743889,0.139,0.198,0.000119362683084878,"heterozygous","Gm32647","DOWN"
4.02055762322415e-09,0.122201799551861,0.898,0.86,0.000129799682308168,"heterozygous","Slc24a3","UP"
4.4327783850657e-09,-0.114051569870061,0.668,0.737,0.000143107817383461,"heterozygous","Lars2","DOWN"
4.58096339354756e-09,-0.159019895609853,0.88,0.918,0.000147891822197289,"heterozygous","Ryr2","DOWN"
4.977378839442e-09,-0.11467127482523,0.663,0.741,0.000160689698452546,"heterozygous","Slc1a1","DOWN"
5.82682106369143e-09,0.198798222950488,0.455,0.392,0.000188113091220214,"heterozygous","Col26a1","UP"
6.89004108618092e-09,0.167982294391967,0.676,0.668,0.000222438086426265,"heterozygous","Lysmd4","UP"
7.14395158538113e-09,-0.101486137872579,0.421,0.504,0.000230635332982444,"heterozygous","Hdgf","DOWN"
7.4379343453757e-09,-0.111392934909577,0.451,0.542,0.000240126272406109,"heterozygous","Rhobtb2","DOWN"
7.46595394436013e-09,-0.121905238683311,0.7,0.77,0.000241030857139722,"heterozygous","Psap","DOWN"
7.80464926762043e-09,-0.137661419181245,0.63,0.696,0.000251965296955858,"heterozygous","Neto2","DOWN"
7.99022907771738e-09,-0.107564461073665,0.366,0.453,0.000257956555545028,"heterozygous","Scd2","DOWN"
1.04361320653573e-08,-0.114015957853753,0.551,0.637,0.000336920087597996,"heterozygous","Rspry1","DOWN"
1.07479316875879e-08,0.168604777505391,0.779,0.779,0.000346986226602087,"heterozygous","Gm20275","UP"
1.10186338628711e-08,-0.101400083964635,0.763,0.819,0.000355725575628931,"heterozygous","Chka","DOWN"
1.13266648773762e-08,-0.121931784926947,0.882,0.906,0.000365670048901213,"heterozygous","Spock1","DOWN"
1.23991939724223e-08,-0.101987634657048,0.714,0.78,0.000400295578205682,"heterozygous","Ankib1","DOWN"
1.2638206674585e-08,0.142259791885541,0.287,0.23,0.000408011864282302,"heterozygous","Gm28750","UP"
1.30717552858327e-08,0.157158813167067,0.551,0.509,0.000422008547647822,"heterozygous","Gm5820","UP"
1.35668989843835e-08,-0.126148260669474,0.144,0.204,0.000437993766811836,"heterozygous","Sv2b","DOWN"
1.49855231123632e-08,-0.101810101799976,0.657,0.734,0.000483792628159533,"heterozygous","Ranbp9","DOWN"
1.51067697785641e-08,0.21438998918274,0.634,0.61,0.000487706955531164,"heterozygous","Gm1604a","UP"
1.62417874681348e-08,-0.167378035009005,0.954,0.976,0.000524349866621262,"heterozygous","Nkain2","DOWN"
1.65885297782738e-08,-0.103772470041061,0.5,0.585,0.000535544095361792,"heterozygous","Kcna2","DOWN"
1.72842047592911e-08,-0.101152517991883,0.471,0.555,0.000558003266448955,"heterozygous","Cerk","DOWN"
1.80738747733447e-08,0.140407413983089,0.966,0.965,0.000583496973182661,"heterozygous","Fgfr2","UP"
2.01056433780443e-08,-0.122622035924521,0.656,0.724,0.000649090590816782,"heterozygous","Diaph2","DOWN"
2.08222707661882e-08,0.108300768568178,0.954,0.949,0.000672226189415619,"heterozygous","Slc2a13","UP"
2.10280233142159e-08,-0.14878252250565,0.996,0.996,0.000678868704676145,"heterozygous","Galntl6","DOWN"
2.12701463884993e-08,0.21256118185937,0.417,0.367,0.000686685406006313,"heterozygous","B230216N24Rik","UP"
2.14494437591321e-08,0.169762380535561,0.359,0.304,0.000692473842319822,"heterozygous","Gm38604","UP"
2.17484011277624e-08,0.112158971352008,0.996,0.996,0.000702125382008683,"heterozygous","Fam155a","UP"
2.62187693232618e-08,-0.139964185439026,0.531,0.602,0.000846446748832184,"heterozygous","Gm26691","DOWN"
2.96696614087185e-08,-0.112237347659963,0.775,0.832,0.000957855348919068,"heterozygous","Zswim6","DOWN"
3.36688609969856e-08,-0.119140835067575,0.569,0.638,0.00108696550842668,"heterozygous","Zfp462","DOWN"
3.77013945218008e-08,-0.102425612207999,0.649,0.729,0.00121715182074182,"heterozygous","Ints6","DOWN"
3.84126576689226e-08,-0.105879044047491,0.554,0.649,0.0012401142401835,"heterozygous","Pnpt1","DOWN"
4.60359476684533e-08,-0.102452721862603,0.78,0.833,0.00148622453452835,"heterozygous","2210408I21Rik","DOWN"
5.19302694531677e-08,-0.100438471990383,0.282,0.355,0.00167651681902607,"heterozygous","Cables1","DOWN"
5.31198345559064e-08,-0.133951252414996,0.887,0.925,0.00171492073880288,"heterozygous","B3galt1","DOWN"
5.37993657928335e-08,0.308589685872361,0.38,0.332,0.00173685872525584,"heterozygous","Sema3a","UP"
5.53732205103963e-08,0.187027470021382,0.462,0.428,0.00178766905095763,"heterozygous","A230004M16Rik","UP"
6.19008959995227e-08,0.171816959091372,0.501,0.459,0.00199840852644859,"heterozygous","Gm48383","UP"
6.54506535177609e-08,-0.104259560688129,0.859,0.902,0.00211300889816739,"heterozygous","Ncald","DOWN"
6.83796857332508e-08,0.206271237750682,0.697,0.675,0.00220756977421227,"heterozygous","A330015K06Rik","UP"
7.27822928168307e-08,0.106390505810417,0.156,0.11,0.00234970354129856,"heterozygous","Gm11146","UP"
7.4708348979874e-08,0.29809702676086,0.513,0.493,0.00241188433846625,"heterozygous","Nek7","UP"
7.50719198014542e-08,0.129853982404379,0.894,0.905,0.00242362185887015,"heterozygous","Bach2","UP"
7.6085221227583e-08,0.413707159454019,0.804,0.8,0.00245633528211129,"heterozygous","Zfp804a","UP"
9.86523962791098e-08,-0.100683521936931,0.601,0.682,0.00318489396147478,"heterozygous","Add2","DOWN"
9.94173217026779e-08,0.119786138450408,0.869,0.872,0.00320958881384925,"heterozygous","Fubp1","UP"
1.20617881229106e-07,0.163205602370661,0.654,0.621,0.00389402767760046,"heterozygous","Gm48321","UP"
1.26762828423909e-07,-0.1040537567764,0.56,0.64,0.00409241115283747,"heterozygous","Traf3","DOWN"
1.30424488456065e-07,0.159979158203821,0.824,0.848,0.00421062418531559,"heterozygous","Nxph1","UP"
1.37485403215185e-07,-0.108297662415911,0.548,0.623,0.00443857875739904,"heterozygous","Zhx3","DOWN"
1.37690396947084e-07,0.22459120499693,0.788,0.781,0.00444519677503967,"heterozygous","Col19a1","UP"
1.56413819519294e-07,0.116160460489611,0.948,0.955,0.00504966374936089,"heterozygous","Nebl","UP"
1.58986890800927e-07,-0.12936888570714,0.193,0.255,0.00513273278261712,"heterozygous","Chrm2","DOWN"
1.64625784246099e-07,-0.110808550147574,0.643,0.717,0.00531477881860108,"heterozygous","Efr3b","DOWN"
1.80512922529947e-07,0.177128177415976,0.671,0.663,0.00582767919095681,"heterozygous","Gm36975","UP"
1.89464126837461e-07,-0.111003255593175,0.871,0.915,0.00611665987082059,"heterozygous","Mllt3","DOWN"
2.22097752467559e-07,-0.11710651262302,0.859,0.894,0.00717020384066267,"heterozygous","Map1b","DOWN"
2.35454048048817e-07,-0.104784977283721,0.752,0.819,0.007601398487208,"heterozygous","Wnk2","DOWN"
2.58134520165008e-07,-0.11214591097312,0.849,0.876,0.00833361484900711,"heterozygous","Nmnat2","DOWN"
3.29286344414453e-07,-0.182590098665287,0.607,0.678,0.0106306803430762,"heterozygous","Tenm3","DOWN"
3.29316705132959e-07,0.181693545117174,0.538,0.503,0.0106316605085124,"heterozygous","Gm26936","UP"
3.44984210527265e-07,0.160700308285066,0.944,0.94,0.0111374702526622,"heterozygous","Erbb4","UP"
3.85530636605591e-07,0.117811760186508,0.96,0.959,0.0124464710721749,"heterozygous","Kcnd2","UP"
3.98448925616121e-07,0.161608509616742,0.903,0.919,0.0128635251145908,"heterozygous","Ptprn","UP"
4.00257118964859e-07,0.136729553848974,0.813,0.777,0.0129219008286615,"heterozygous","Alk","UP"
4.08734336408096e-07,0.173441572940865,0.648,0.628,0.013195579316599,"heterozygous","Gm27032","UP"
4.24606040709216e-07,0.172970922330852,0.27,0.225,0.0137079814182563,"heterozygous","Gm28501","UP"
4.80970201737254e-07,0.14882606896524,0.594,0.564,0.0155276419928855,"heterozygous","Ptpn5","UP"
4.84062281337563e-07,-0.132725430325871,0.235,0.297,0.0156274666907019,"heterozygous","Ldb2","DOWN"
4.96663582984529e-07,-0.101981141711938,0.991,0.997,0.0160342871130725,"heterozygous","Celf2","DOWN"
5.14425974981275e-07,0.202115215069337,0.819,0.809,0.0166077281762955,"heterozygous","Pcdh15","UP"
5.28556284152818e-07,0.164691128686615,0.459,0.423,0.0170639110775896,"heterozygous","1700109K24Rik","UP"
5.61002408901407e-07,0.316464425075836,0.505,0.473,0.018111401768973,"heterozygous","Ndst3","UP"
5.83732853313615e-07,-0.134605812670284,0.622,0.708,0.0188452314363767,"heterozygous","Sgcz","DOWN"
6.32637754137972e-07,-0.102955369560373,0.544,0.623,0.0204240772545903,"heterozygous","Gnai1","DOWN"
6.61093324777864e-07,-0.100396456836546,0.121,0.166,0.0213427368971286,"heterozygous","Ptk2b","DOWN"
6.79072027575173e-07,-0.100006519954509,0.819,0.871,0.0219231613382369,"heterozygous","Aplp2","DOWN"
7.91303064520303e-07,-0.117539055584157,0.869,0.9,0.0255464281349735,"heterozygous","Upp2","DOWN"
8.00080701507558e-07,-0.108053676177803,0.614,0.685,0.02582980536747,"heterozygous","Pcsk2","DOWN"
9.64221972619574e-07,-0.103494369656009,0.341,0.408,0.0311289421640503,"heterozygous","Epha4","DOWN"
1.43058088355439e-06,0.111626540785489,0.878,0.893,0.0461848732446698,"heterozygous","Trank1","UP"
2.0876311982155e-06,0.191317870023266,0.756,0.757,0.0673970856031891,"heterozygous","4930517O19Rik","UP"
2.24938639447572e-06,0.200676290586077,0.678,0.632,0.0726191903592542,"heterozygous","Cntnap5c","UP"
2.29268183315642e-06,0.10446208029873,0.178,0.135,0.074016940301622,"heterozygous","Tgfbr2","UP"
2.37087337312064e-06,0.195829827337935,0.757,0.763,0.0765412759778267,"heterozygous","Fam135b","UP"
2.63809488538544e-06,-0.100152003421977,0.54,0.616,0.0851682552797834,"heterozygous","Fth1","DOWN"
2.87797387394045e-06,0.127008827840553,0.653,0.653,0.0929125085462936,"heterozygous","Micu2","UP"
3.38373610571156e-06,0.118628758670533,0.993,0.993,0.109240536436792,"heterozygous","Nbea","UP"
3.62085993746512e-06,-0.101930337313609,0.609,0.666,0.116895842221124,"heterozygous","Cabp1","DOWN"
4.00886752909699e-06,-0.153047701453153,0.42,0.481,0.129422279309367,"heterozygous","Stxbp6","DOWN"
4.02266455138426e-06,0.205617390792756,0.669,0.672,0.12986770237689,"heterozygous","Sox6","UP"
4.08145379932404e-06,0.10295153039843,0.898,0.905,0.131765654457377,"heterozygous","Rbm25","UP"
4.41325316267234e-06,0.145453132709923,0.724,0.718,0.142477465103714,"heterozygous","Rnpc3","UP"
4.50990644280455e-06,0.177017546909614,0.636,0.615,0.145597819599502,"heterozygous","Rnf144b","UP"
4.91476064730828e-06,0.189539612270484,0.611,0.601,0.158668132737701,"heterozygous","4933413L06Rik","UP"
4.97130444123924e-06,0.184175426424104,0.788,0.82,0.160493592580968,"heterozygous","Gabrg2","UP"
5.17780167377627e-06,-0.101526548692352,0.968,0.98,0.167160149236193,"heterozygous","Kalrn","DOWN"
5.40515771631656e-06,0.110970543797542,0.917,0.923,0.174500111713564,"heterozygous","Dlc1","UP"
6.46892433624601e-06,0.129378843148262,0.954,0.958,0.208842753271366,"heterozygous","Hcn1","UP"
6.75893440348073e-06,-0.101612255283818,0.908,0.939,0.218205438281972,"heterozygous","Agbl4","DOWN"
7.30074013014524e-06,0.221964024244731,0.475,0.452,0.235697094361609,"heterozygous","Pde5a","UP"
7.41273795331944e-06,0.135450533735167,0.54,0.518,0.239312832084965,"heterozygous","Far1os","UP"
7.53788454407677e-06,0.119597698402648,0.996,0.996,0.243353064620975,"heterozygous","Adgrb3","UP"
8.45492251885051e-06,0.195128915620664,0.374,0.337,0.27295871859857,"heterozygous","Gm6994","UP"
9.06957880335994e-06,0.161768183765959,0.621,0.621,0.292802282087672,"heterozygous","Sorbs2os","UP"
9.19460813686313e-06,0.215587134616672,0.515,0.484,0.296838729090489,"heterozygous","4930587E11Rik","UP"
9.3774255250316e-06,-0.129939680043202,0.726,0.804,0.30274080565012,"heterozygous","Nrg1","DOWN"
1.01017549744639e-05,-0.11448534459509,0.411,0.473,0.326125057595593,"heterozygous","Pdzrn4","DOWN"
1.05370101144731e-05,0.119111854358101,0.271,0.223,0.340176834535649,"heterozygous","Svil","UP"
1.1393130594851e-05,0.127916927878233,0.662,0.652,0.367815828124169,"heterozygous","Metap1d","UP"
1.22561854502039e-05,0.171077882146845,0.799,0.796,0.395678691074384,"heterozygous","Pak7","UP"
1.29226570093717e-05,-0.157400443131708,0.64,0.684,0.417195058890557,"heterozygous","Unc5d","DOWN"
1.34722819994335e-05,-0.143343379921047,0.833,0.874,0.434939152069711,"heterozygous","Edil3","DOWN"
1.54384004970089e-05,0.12416848745681,0.814,0.82,0.498413321645435,"heterozygous","Slc24a5","UP"
1.54635007619127e-05,-0.10954913832198,0.34,0.4,0.499223658597589,"heterozygous","Rtl4","DOWN"
1.59829365889894e-05,0.106430514819528,0.817,0.829,0.515993124838933,"heterozygous","Wsb1","UP"
1.85588994487545e-05,-0.106447921338368,0.454,0.512,0.599155509803589,"heterozygous","Kcnc3","DOWN"
1.89443890172353e-05,0.111727898913807,0.898,0.901,0.611600655032423,"heterozygous","Rmdn1","UP"
1.8979004641431e-05,0.104816302098127,0.967,0.968,0.612718185843959,"heterozygous","Kctd16","UP"
1.96255041354734e-05,0.131895172762129,0.798,0.79,0.633589775509624,"heterozygous","Fnbp1l","UP"
2.28812117860712e-05,0.166338221068038,0.68,0.663,0.738697041301522,"heterozygous","A830082K12Rik","UP"
2.32893792722904e-05,0.103457340676881,0.972,0.979,0.751874320426622,"heterozygous","Kcnma1","UP"
2.71094032634149e-05,0.137113739928857,0.342,0.308,0.875199974956087,"heterozygous","P2ry12","UP"
2.73354698737548e-05,0.128687098461486,0.87,0.874,0.882498309404301,"heterozygous","Gm4258","UP"
2.89699318370148e-05,0.412065731937368,0.387,0.347,0.935265279426185,"heterozygous","Il1rapl2","UP"
2.97309164146481e-05,-0.128578909898892,0.687,0.754,0.959832905530501,"heterozygous","Hs6st3","DOWN"
3.08941856228089e-05,0.175405238056004,0.43,0.387,0.997387888646762,"heterozygous","Igf1","UP"
3.49827033085626e-05,-0.114721864389509,0.886,0.91,1,"heterozygous","Gria3","DOWN"
3.77061261837862e-05,0.118223127452912,0.246,0.205,1,"heterozygous","Rbp4","UP"
3.88995111772726e-05,0.113200891426336,0.807,0.794,1,"heterozygous","Galnt13","UP"
4.76298185585323e-05,0.131764766407704,0.49,0.468,1,"heterozygous","Cetn3","UP"
4.8129290082512e-05,0.101918042957744,0.285,0.241,1,"heterozygous","Tmem200a","UP"
4.99002406425161e-05,-0.161278398574845,0.57,0.624,1,"heterozygous","March1","DOWN"
5.0637683840766e-05,-0.179896640848238,0.398,0.447,1,"heterozygous","mt-Atp6","DOWN"
5.82014933960231e-05,-0.157638426578987,0.294,0.346,1,"heterozygous","Trpm3","DOWN"
5.98196255535237e-05,0.159731678937382,0.749,0.755,1,"heterozygous","Gsdme","UP"
6.170914705433e-05,0.105941872223937,0.782,0.783,1,"heterozygous","Unc13a","UP"
6.68815120074384e-05,0.15524373517718,0.685,0.657,1,"heterozygous","Sdk1","UP"
7.28561600821966e-05,0.171482467993121,0.794,0.814,1,"heterozygous","Gm35188","UP"
7.40567071737178e-05,0.125301573760233,0.923,0.912,1,"heterozygous","Kcnmb2","UP"
7.47700711970358e-05,0.123686166889058,0.292,0.259,1,"heterozygous","Gm12064","UP"
8.04967320829534e-05,0.121796811608927,0.698,0.689,1,"heterozygous","Adra1a","UP"
9.15655918318021e-05,0.171335401726635,0.551,0.525,1,"heterozygous","Maml3","UP"
0.000100475344110651,0.126175553913694,0.397,0.368,1,"heterozygous","Gm49417","UP"
0.000109140897314665,0.118940588361978,0.638,0.636,1,"heterozygous","4632427E13Rik","UP"
0.000113576204454892,0.110354299305586,0.805,0.81,1,"heterozygous","Gtdc1","UP"
0.000141607940317829,0.134834495420912,0.422,0.391,1,"heterozygous","Gm49003","UP"
0.000148627125161541,0.146640730078833,0.522,0.516,1,"heterozygous","1700111E14Rik","UP"
0.000152981057817622,0.110666541583187,0.724,0.717,1,"heterozygous","Zeb1","UP"
0.000165845791507448,0.105140594494905,0.569,0.516,1,"heterozygous","Caln1","UP"
0.000167657596607069,-0.198165321222524,0.517,0.565,1,"heterozygous","Ptprt","DOWN"
0.000182237858775737,0.152568394290837,0.468,0.437,1,"heterozygous","Kcnk2","UP"
0.000189733964511674,-0.103343885261693,0.609,0.676,1,"heterozygous","Asph","DOWN"
0.000221053899358343,0.100205289000447,0.97,0.97,1,"heterozygous","Ppfia2","UP"
0.000232925673975122,-0.115341518346374,0.555,0.6,1,"heterozygous","Kif26b","DOWN"
0.000242549799989599,0.106756130962058,0.755,0.765,1,"heterozygous","Tpr","UP"
0.000249108617225901,0.102935312339974,0.523,0.507,1,"heterozygous","Otud7b","UP"
0.000256705876745507,0.149385599021091,0.639,0.64,1,"heterozygous","Tmem126a","UP"
0.000264685680547779,0.12175273363179,0.231,0.198,1,"heterozygous","AC163685.1","UP"
0.000265807389371843,0.129673582484704,0.339,0.315,1,"heterozygous","Pex5","UP"
0.000271404434148388,-0.126091639498035,0.584,0.632,1,"heterozygous","Sema6d","DOWN"
0.000274017734431027,0.109510465458844,0.46,0.437,1,"heterozygous","Lrif1","UP"
0.000276443567396134,0.113945652227782,0.631,0.62,1,"heterozygous","Ankrd55","UP"
0.000276541570284281,-0.132583076360884,0.857,0.869,1,"heterozygous","Cntn4","DOWN"
0.000276609658253898,-0.118006650529299,0.804,0.824,1,"heterozygous","Clstn2","DOWN"
0.000284724004415505,0.117356215524763,0.796,0.816,1,"heterozygous","Slc23a2","UP"
0.000363759550096292,0.100873974220501,0.379,0.348,1,"heterozygous","Traf3ip2","UP"
0.000375530579129816,0.103805315479186,0.658,0.641,1,"heterozygous","Fndc3a","UP"
0.000399499323765429,0.108547135838163,0.452,0.427,1,"heterozygous","Gm28379","UP"
0.000415679253912598,0.10092126335063,0.709,0.705,1,"heterozygous","Ccnl2","UP"
0.000421919066609033,0.142439283484666,0.62,0.613,1,"heterozygous","Tmem44","UP"
0.000423019306699693,0.169796648347902,0.403,0.38,1,"heterozygous","Nr2f1","UP"
0.000449272524254181,0.114513778875005,0.565,0.548,1,"heterozygous","Cwf19l2","UP"
0.000458597727948268,0.161262534831803,0.435,0.413,1,"heterozygous","Gm48742","UP"
0.000459279450320271,0.132617932552628,0.658,0.655,1,"heterozygous","Celf3","UP"
0.000535556868296328,0.107148166704597,0.961,0.974,1,"heterozygous","Klf12","UP"
0.000564868622703975,0.151599332041817,0.374,0.342,1,"heterozygous","Sox5os4","UP"
0.000573407664978619,-0.100774367552796,0.403,0.451,1,"heterozygous","Cntnap5b","DOWN"
0.000610066227541856,0.356693619145554,0.576,0.566,1,"heterozygous","Cdh9","UP"
0.000621819068196005,-0.1153375598839,0.436,0.486,1,"heterozygous","St6galnac5","DOWN"
0.00069740347598364,0.400014050506021,0.703,0.723,1,"heterozygous","Zbtb20","UP"
0.000726395177368313,0.225549137776587,0.678,0.671,1,"heterozygous","Cntnap4","UP"
0.000726566692556793,0.107958120813979,0.833,0.843,1,"heterozygous","Kansl1l","UP"
0.000848386484270212,0.109626133599721,0.158,0.13,1,"heterozygous","Gm49127","UP"
0.000882076930379735,0.148996201539128,0.724,0.719,1,"heterozygous","Bcl11a","UP"
0.000895170503418114,0.111742419408537,0.527,0.512,1,"heterozygous","Ttc4","UP"
0.000930297583825953,0.107946822859643,0.684,0.688,1,"heterozygous","Gm32250","UP"
0.000982455808586544,0.355005012966397,0.566,0.57,1,"heterozygous","Cemip","UP"
0.00107158028534756,0.110512185386796,0.829,0.822,1,"heterozygous","Cacnb2","UP"
0.00114784979962523,0.118927208464561,0.486,0.471,1,"heterozygous","Gm46367","UP"
0.00118691529335186,-0.105009729758874,0.392,0.435,1,"heterozygous","mt-Co1","DOWN"
0.00150386203596338,0.154684250464816,0.358,0.329,1,"heterozygous","Cep112","UP"
0.00191139423089625,0.13097073521617,0.667,0.676,1,"heterozygous","Ppargc1a","UP"
0.00222271309976157,0.124851942808472,0.37,0.344,1,"heterozygous","Sox1ot","UP"
0.00224854467412364,0.105609621607399,0.859,0.882,1,"heterozygous","Osbpl3","UP"
0.00226651149020285,0.147442911121769,0.639,0.636,1,"heterozygous","Epha7","UP"
0.0024297295994726,0.100175907003255,0.24,0.212,1,"heterozygous","8030451O07Rik","UP"
0.00270684736008429,0.189927022842296,0.245,0.22,1,"heterozygous","Pde1c","UP"
0.00271406936480558,0.11374855810379,0.427,0.408,1,"heterozygous","Gm21798","UP"
0.00287135571882918,0.132460466853481,0.353,0.333,1,"heterozygous","Gm45025","UP"
0.0030129521762385,0.105221655092277,0.702,0.716,1,"heterozygous","Ccdc136","UP"
0.00304421406924308,0.108302395524486,0.915,0.934,1,"heterozygous","Enox1","UP"
0.00305322649318485,0.111463337089307,0.797,0.809,1,"heterozygous","Pde8b","UP"
0.00317918379972149,0.114389745723004,0.669,0.673,1,"heterozygous","Gm48678","UP"
0.00343576822490881,0.102185954611923,0.54,0.538,1,"heterozygous","Haghl","UP"
0.00381936480144603,0.117967076372228,0.547,0.522,1,"heterozygous","Fstl4","UP"
0.00386280096317387,0.161068669948405,0.645,0.659,1,"heterozygous","Iqgap2","UP"
0.00388658303263392,0.103778615906763,0.521,0.514,1,"heterozygous","Trim24","UP"
0.00410295448834957,-0.100344113198445,0.172,0.202,1,"heterozygous","Klhl1","DOWN"
0.00414327663514381,0.108369222865767,0.347,0.324,1,"heterozygous","Adgra3","UP"
0.00440997445051833,0.116815297920417,0.915,0.941,1,"heterozygous","Zfp385b","UP"
0.00449301040324487,0.110728590943947,0.774,0.78,1,"heterozygous","Dlx6os1","UP"
0.00455721297242224,0.124598814474281,0.663,0.667,1,"heterozygous","9630028H03Rik","UP"
0.00475610629515169,0.125451729401772,0.347,0.325,1,"heterozygous","Myo5b","UP"
0.00477498427103626,0.11007379971985,0.496,0.488,1,"heterozygous","Thap3","UP"
0.00491752385529621,0.111802766620186,0.516,0.509,1,"heterozygous","Gm16183","UP"
0.00504406592310792,0.114640411014978,0.363,0.337,1,"heterozygous","Gm28376","UP"
0.00532887528687559,0.112254940829287,0.725,0.737,1,"heterozygous","Cdh11","UP"
0.00541219592447688,-0.101560159338911,0.463,0.51,1,"heterozygous","Homer2","DOWN"
0.00554241667420156,0.11750808884291,0.491,0.467,1,"heterozygous","Gabra2","UP"
0.00557833832076896,0.106898240150575,0.928,0.91,1,"heterozygous","Kcnc2","UP"
0.0064109746660304,0.12590102252096,0.344,0.324,1,"heterozygous","Phlda1","UP"
0.0071158996479877,-0.142342330677538,0.328,0.359,1,"heterozygous","A330008L17Rik","DOWN"
0.00758009051676438,0.113655747699685,0.281,0.257,1,"heterozygous","Gm12296","UP"
0.00768554074308828,0.123691333111432,0.497,0.485,1,"heterozygous","Pla2g3","UP"
0.00818339401466124,0.111872957788188,0.58,0.58,1,"heterozygous","Rps6ka2","UP"
0.00928490727829329,0.218183758445077,0.666,0.667,1,"heterozygous","Thsd7a","UP"
0.00987626691538884,0.106343561125167,0.314,0.3,1,"heterozygous","Snhg8","UP"
