"p_val","avg_log2FC","pct.1","pct.2","p_val_adj","cluster","gene","diffexpressed","delabel"
4.6097751463716e-103,-1.0860381694982,0.168,0.476,1.48821980825461e-98,"heterozygous","Zbtb16","DOWN","Zbtb16"
7.87282820870481e-77,-0.692230950548788,0.683,0.844,2.54166385889826e-72,"heterozygous","Paqr8","DOWN","Paqr8"
7.01719700174147e-73,-0.9664023703778,0.139,0.382,2.26543188004222e-68,"heterozygous","Etnppl","DOWN","Etnppl"
8.05646346997779e-71,-0.784042255261077,0.218,0.48,2.60094866664763e-66,"heterozygous","Hif3a","DOWN","Hif3a"
8.21423934275154e-71,-0.661996162367098,0.716,0.866,2.65188502941391e-66,"heterozygous","Kcnn2","DOWN","Kcnn2"
6.20591242334879e-56,-0.724469445402127,0.367,0.602,2.00351676675392e-51,"heterozygous","Nxn","DOWN","Nxn"
1.47777716327168e-55,0.786354219347407,0.551,0.342,4.77085579390628e-51,"heterozygous","Gm47283","UP","Gm47283"
1.70907884820522e-50,-0.523758775216005,0.745,0.859,5.51759015354573e-46,"heterozygous","Spire1","DOWN","Spire1"
1.97693535620665e-49,-0.714870116622672,0.224,0.429,6.38233810397754e-45,"heterozygous","Lrrc8c","DOWN","Lrrc8c"
4.58928690967486e-49,0.63039539096774,0.827,0.742,1.48160538591943e-44,"heterozygous","Cpeb4","UP","Cpeb4"
1.59030390165477e-46,-0.681652106332332,0.208,0.409,5.13413711610225e-42,"heterozygous","Azin1","DOWN","Azin1"
7.35293637984409e-44,-0.541151962242625,0.527,0.706,2.37382198086887e-39,"heterozygous","9330159F19Rik","DOWN","9330159F19Rik"
1.46172232984106e-43,-0.422868796401415,0.848,0.901,4.71902436965887e-39,"heterozygous","Mertk","DOWN","Mertk"
9.63734347007902e-43,-0.542101654906464,0.629,0.769,3.11131996588031e-38,"heterozygous","Fam171b","DOWN","Fam171b"
3.52027793982852e-42,0.385998535020667,0.971,0.964,1.13648653009424e-37,"heterozygous","Dclk1","UP","Dclk1"
4.82341956442027e-42,-0.63135852574666,0.159,0.34,1.55719277217744e-37,"heterozygous","Tsc22d3","DOWN","Tsc22d3"
5.32253747990081e-40,0.457310402803869,0.878,0.8,1.71832800001118e-35,"heterozygous","C130071C03Rik","UP","C130071C03Rik"
1.04940216437884e-39,-0.568849569723793,0.209,0.392,3.38788994748064e-35,"heterozygous","Rin2","DOWN","Rin2"
2.24918819792499e-37,-0.508977047361733,0.665,0.795,7.26127917818104e-33,"heterozygous","Vcl","DOWN","Vcl"
3.37025735918544e-37,-0.537212028413044,0.353,0.544,1.08805388583943e-32,"heterozygous","Cables1","DOWN","Cables1"
3.00879368319677e-35,-0.780245091206183,0.03,0.141,9.71358952683246e-31,"heterozygous","Fkbp5","DOWN","Fkbp5"
1.00272369464622e-34,-0.472301673573016,0.494,0.668,3.23719317579585e-30,"heterozygous","Asic2","DOWN","Asic2"
3.2757493289815e-34,-0.610877389548171,0.471,0.624,1.05754291336839e-29,"heterozygous","Usp53","DOWN","Usp53"
4.8411836561823e-34,-0.547356012286022,0.451,0.614,1.56292773156189e-29,"heterozygous","Fam107a","DOWN","Fam107a"
7.469647496939e-34,-0.491426625044806,0.65,0.779,2.41150099791179e-29,"heterozygous","Mapk4","DOWN","Mapk4"
1.99588535048474e-33,0.442124962596797,0.607,0.452,6.44351626550494e-29,"heterozygous","Sox2ot","UP","Sox2ot"
5.39371099465686e-33,-0.588417772869383,0.244,0.411,1.74130565751502e-28,"heterozygous","Rhou","DOWN","Rhou"
2.77448524085121e-32,-0.4578779725094,0.119,0.268,8.95714815156403e-28,"heterozygous","Per1","DOWN","Per1"
3.10388100311813e-32,0.494851472345302,0.69,0.57,1.00205694304666e-27,"heterozygous","Mtss2","UP","Mtss2"
5.51864205344974e-32,-0.506048910130861,0.409,0.587,1.78163840053571e-27,"heterozygous","Lhfp","DOWN","Lhfp"
2.7441172148847e-31,-0.497378995859482,0.42,0.587,8.85910801653378e-27,"heterozygous","Klf9","DOWN","Klf9"
3.08501433879969e-31,0.592321967793175,0.34,0.188,9.95966029138091e-27,"heterozygous","Disp3","UP","Disp3"
3.76749449556813e-30,0.55578646403309,0.224,0.097,1.21629792294921e-25,"heterozygous","Fabp7","UP","Fabp7"
8.37873877963418e-30,0.426055281195698,0.885,0.838,2.7049920276171e-25,"heterozygous","Meis2","UP","Meis2"
1.1963794209106e-29,-0.572489932368934,0.715,0.813,3.86239132246779e-25,"heterozygous","Mt1","DOWN","Mt1"
1.77151961710422e-29,-0.480812778106349,0.165,0.315,5.71917393185925e-25,"heterozygous","Gpt2","DOWN","Gpt2"
2.21888552976639e-29,0.493210925111575,0.711,0.601,7.16345004429783e-25,"heterozygous","Mir9-3hg","UP","Mir9-3hg"
2.27219705288925e-29,-0.349865405379018,0.876,0.913,7.33556096554767e-25,"heterozygous","Ntrk2","DOWN","Ntrk2"
5.72540028086399e-29,-0.421759687991664,0.712,0.806,1.84838822667413e-24,"heterozygous","Phka1","DOWN","Phka1"
6.54434492376293e-29,-0.439463147891259,0.645,0.764,2.11277631518762e-24,"heterozygous","Plekhg1","DOWN","Plekhg1"
7.24191321487397e-29,0.53215892935832,0.626,0.511,2.33797926228991e-24,"heterozygous","Gm40578","UP","Gm40578"
1.17849280419966e-28,0.3978485328029,0.891,0.856,3.80464616907817e-24,"heterozygous","Cspg5","UP","Cspg5"
1.77078644667062e-28,-0.396910803419387,0.045,0.148,5.71680696443144e-24,"heterozygous","Nrros","DOWN","Nrros"
8.28873777062758e-27,0.685575238580281,0.418,0.28,2.67593610186941e-22,"heterozygous","Pde10a","UP","Pde10a"
1.5055335571054e-26,-0.458425476434125,0.289,0.446,4.86046453575908e-22,"heterozygous","Dzip1l","DOWN","Dzip1l"
1.70938579421234e-26,-0.482825110246846,0.289,0.444,5.5185810980351e-22,"heterozygous","Mxi1","DOWN","Mxi1"
1.95866993176084e-26,-0.311187655958849,0.925,0.945,6.32337000769669e-22,"heterozygous","Gria2","DOWN","Gria2"
3.14068034848818e-26,-0.350906893468781,0.792,0.885,1.01393724370592e-21,"heterozygous","Enah","DOWN","Enah"
7.64444558147437e-26,-0.394582129331902,0.776,0.847,2.46793281152318e-21,"heterozygous","Nhsl1","DOWN","Nhsl1"
1.64198033121112e-25,-0.270366565663084,0.925,0.945,5.30096930128197e-21,"heterozygous","Tnik","DOWN","Tnik"
5.80960510596872e-25,-0.414092870521904,0.263,0.412,1.87557291241094e-20,"heterozygous","Pitpnm2","DOWN","Pitpnm2"
7.98995739871066e-25,-0.540433458459582,0.463,0.598,2.57947784659975e-20,"heterozygous","Ccdc85a","DOWN","Ccdc85a"
8.05080314811428e-25,-0.349278490777215,0.049,0.147,2.59912128833721e-20,"heterozygous","Nfkbia","DOWN","Nfkbia"
8.10597457798803e-25,-0.436863683613603,0.305,0.457,2.61693283275766e-20,"heterozygous","Sdc4","DOWN","Sdc4"
1.12508435733568e-24,-0.389225138517863,0.163,0.304,3.6322223392225e-20,"heterozygous","Scrg1","DOWN","Scrg1"
1.15384691202646e-24,-0.33826913948094,0.818,0.881,3.72507937078622e-20,"heterozygous","Htra1","DOWN","Htra1"
1.21044463619231e-24,0.55786581567058,0.367,0.232,3.90779946348326e-20,"heterozygous","Gm28175","UP","Gm28175"
1.41276520092123e-24,-0.260109644001147,0.842,0.918,4.56097117465408e-20,"heterozygous","Ptprd","DOWN","Ptprd"
2.04783547646043e-24,-0.45614047936374,0.41,0.553,6.61123205220485e-20,"heterozygous","Pik3c2a","DOWN","Pik3c2a"
2.05693380958377e-24,0.42400024755172,0.778,0.7,6.64060511086024e-20,"heterozygous","Pla2g7","UP","Pla2g7"
2.9677608226965e-24,-0.434751587025329,0.381,0.535,9.58111903999337e-20,"heterozygous","Fam214a","DOWN","Fam214a"
4.47795527250742e-24,0.488713252952174,0.407,0.277,1.4456630801763e-19,"heterozygous","Arntl","UP","Arntl"
8.35716014863087e-24,0.1714911472225,0.983,0.989,2.69802558238399e-19,"heterozygous","Nrxn1","UP","Nrxn1"
2.20182919186029e-23,-0.539620892493803,0.233,0.368,7.10838536300177e-19,"heterozygous","Galnt18","DOWN","Galnt18"
2.41717476354821e-23,-0.337986189246691,0.544,0.702,7.80360700663903e-19,"heterozygous","Kcnip4","DOWN","Kcnip4"
7.76181015403363e-23,-0.486101362905581,0.775,0.843,2.50582279012822e-18,"heterozygous","Rmst","DOWN","Rmst"
2.92866811778589e-22,0.651136785201251,0.197,0.089,9.45491215145996e-18,"heterozygous","Gm29260","UP","Gm29260"
3.14834399115181e-22,-0.401720574741505,0.508,0.635,1.01641137410345e-17,"heterozygous","Gjb6","DOWN","Gjb6"
8.46141211967664e-22,-0.335116290889073,0.524,0.66,2.7316822887164e-17,"heterozygous","Nt5c2","DOWN","Nt5c2"
2.50743846910361e-21,0.24336202357478,0.954,0.95,8.09501435365409e-17,"heterozygous","Gm3764","UP","Gm3764"
1.22298489490095e-20,-0.266851945051098,0.918,0.944,3.94828443469821e-16,"heterozygous","Cadm1","DOWN","Cadm1"
1.81312165252073e-20,-0.412468163662103,0.247,0.375,5.85348194299791e-16,"heterozygous","Slc10a7","DOWN","Slc10a7"
1.96822881920392e-20,-0.343724142686316,0.106,0.214,6.35422991991794e-16,"heterozygous","Mfsd2a","DOWN","Mfsd2a"
2.01124294812424e-20,0.452331136652872,0.487,0.372,6.49309673372428e-16,"heterozygous","Akt2","UP","Akt2"
2.52914155188879e-20,-0.254934037226527,0.945,0.952,8.16508058611778e-16,"heterozygous","Mdga2","DOWN","Mdga2"
3.57735659710153e-20,0.435022328331572,0.676,0.591,1.15491380380826e-15,"heterozygous","Rasa2","UP","Rasa2"
4.56949725986485e-20,-0.370582592621647,0.034,0.109,1.47521649537477e-15,"heterozygous","Slc24a4","DOWN","Slc24a4"
7.67069047065106e-20,0.311973384309676,0.89,0.853,2.47640571154499e-15,"heterozygous","Arhgap5","UP","Arhgap5"
8.71657913842796e-20,0.448697978566462,0.575,0.481,2.81406040905008e-15,"heterozygous","Prex1","UP","Prex1"
1.47431950918998e-19,0.332322397334413,0.847,0.808,4.75969310346892e-15,"heterozygous","Sash1","UP","Sash1"
4.31416982842343e-19,-0.400792024508645,0.447,0.567,1.39278658740822e-14,"heterozygous","Map2k6","DOWN","Map2k6"
5.66752617580519e-19,-0.297003474708396,0.776,0.849,1.82970415059695e-14,"heterozygous","Cdh2","DOWN","Cdh2"
7.23715003072766e-19,0.365085395927319,0.864,0.826,2.33644151592012e-14,"heterozygous","Gm35188","UP","Gm35188"
1.68564789307911e-18,-0.35877380033457,0.399,0.527,5.44194565801661e-14,"heterozygous","Itgav","DOWN","Itgav"
1.94655230840088e-18,0.283715964464491,0.918,0.907,6.2842494724414e-14,"heterozygous","Ptprt","UP","Ptprt"
2.1575406102992e-18,-0.329302621319975,0.16,0.277,6.96540410628994e-14,"heterozygous","Klhl2","DOWN","Klhl2"
3.53026288269525e-18,0.486937995968417,0.435,0.33,1.13971006904933e-13,"heterozygous","Kcnip3","UP","Kcnip3"
3.83959781142387e-18,0.296309548438027,0.842,0.812,1.23957575744008e-13,"heterozygous","Sgip1","UP","Sgip1"
5.05420084107108e-18,-0.439074405084387,0.27,0.39,1.63169819953139e-13,"heterozygous","Ptprj","DOWN","Ptprj"
6.79878581445784e-18,-0.307445235746304,0.681,0.779,2.19492001233957e-13,"heterozygous","Tmcc1","DOWN","Tmcc1"
6.89051242382249e-18,-0.421323340669733,0.365,0.491,2.22453303090685e-13,"heterozygous","Mt2","DOWN","Mt2"
7.24934668698817e-18,0.391859445001845,0.727,0.663,2.34037908442726e-13,"heterozygous","Fermt2","UP","Fermt2"
1.47440960134383e-17,-0.334954404317748,0.473,0.603,4.75998395697843e-13,"heterozygous","Acap2","DOWN","Acap2"
1.82155373872107e-17,-0.247316905920281,0.898,0.915,5.88070409008709e-13,"heterozygous","Prex2","DOWN","Prex2"
2.79395514241574e-17,-0.161297288719939,0.508,0.651,9.02000478177496e-13,"heterozygous","Dpp10","DOWN","Dpp10"
3.69028690830567e-17,-0.43524222606083,0.319,0.434,1.1913722254774e-12,"heterozygous","Acer3","DOWN","Acer3"
4.7774256091865e-17,0.307299412630811,0.674,0.575,1.54234408366977e-12,"heterozygous","Map4k4","UP","Map4k4"
5.09984544478628e-17,-0.208480741988389,0.954,0.984,1.6464341033948e-12,"heterozygous","Magi2","DOWN","Magi2"
6.9094146772551e-17,-0.348232657080435,0.402,0.546,2.23063543440504e-12,"heterozygous","Nrg3","DOWN","Nrg3"
8.07273899321771e-17,-0.345112851829253,0.125,0.224,2.6062030565704e-12,"heterozygous","Smim3","DOWN","Smim3"
1.07304124094947e-16,0.275154308043555,0.874,0.841,3.46420634228126e-12,"heterozygous","Dlgap1","UP","Dlgap1"
1.48108300873904e-16,-0.281538799604714,0.811,0.876,4.78152838541313e-12,"heterozygous","Sik3","DOWN","Sik3"
1.5190863028642e-16,-0.341108071785563,0.353,0.483,4.90421822016678e-12,"heterozygous","Cnnm2","DOWN","Cnnm2"
1.71733456050509e-16,-0.305003722304684,0.737,0.818,5.54424289513463e-12,"heterozygous","Lncpint","DOWN","Lncpint"
2.83952204230568e-16,-0.372179915874448,0.501,0.614,9.16711296137966e-12,"heterozygous","Mat2a","DOWN","Mat2a"
3.20819379214033e-16,0.394089646089241,0.541,0.444,1.03573328385458e-11,"heterozygous","Ncan","UP","Ncan"
3.21888839155865e-16,-0.24920818348574,0.866,0.905,1.0391859283308e-11,"heterozygous","Dock4","DOWN","Dock4"
3.53171390585295e-16,-0.177782465612628,0.977,0.986,1.14017851736557e-11,"heterozygous","Rora","DOWN","Rora"
5.213467320943e-16,0.37469832251838,0.474,0.371,1.68311578989324e-11,"heterozygous","Lncppara","UP","Lncppara"
5.34744127305541e-16,-0.444487406296923,0.207,0.31,1.72636794059321e-11,"heterozygous","Folh1","DOWN","Folh1"
6.05237149813402e-16,0.343613665722466,0.894,0.904,1.95394761445759e-11,"heterozygous","Luzp2","UP","Luzp2"
6.19891025053668e-16,-0.344312829404086,0.25,0.368,2.00125618528326e-11,"heterozygous","Bcl6","DOWN","Bcl6"
1.40289433865468e-15,-0.306465941376625,0.086,0.17,4.52910408291277e-11,"heterozygous","Adamts20","DOWN","Adamts20"
2.16030162957162e-15,-0.243095398714336,0.776,0.85,6.97431778090900e-11,"heterozygous","Glul","DOWN","Glul"
3.10515991933417e-15,0.206576495291576,0.983,0.961,1.00246982835784e-10,"heterozygous","Mir100hg","UP","Mir100hg"
3.48366913600343e-15,-0.347079016039031,0.232,0.345,1.12466774386735e-10,"heterozygous","Ccnd3","DOWN","Ccnd3"
5.20593965564622e-15,-0.308553788771361,0.437,0.553,1.68068555842882e-10,"heterozygous","Igsf11","DOWN","Igsf11"
5.25454374452955e-15,0.373983152570151,0.571,0.48,1.69637690248392e-10,"heterozygous","Phyhipl","UP","Phyhipl"
8.78329698628887e-15,-0.274540679696578,0.487,0.61,2.8355995990535e-10,"heterozygous","Per3","DOWN","Per3"
9.78571111407266e-15,0.39042192986899,0.262,0.165,3.15921897606722e-10,"heterozygous","Gm17750","UP","Gm17750"
1.14915757805072e-14,-0.286398823069908,0.712,0.778,3.70994032497893e-10,"heterozygous","Fmnl2","DOWN","Fmnl2"
1.32289019324083e-14,0.298712512017491,0.774,0.743,4.27081869985869e-10,"heterozygous","Eif4g3","UP","Eif4g3"
1.35047454380987e-14,0.280938787975736,0.885,0.858,4.3598720172358e-10,"heterozygous","Ptn","UP","Ptn"
1.57270520925315e-14,0.321766327837036,0.794,0.769,5.07732149755285e-10,"heterozygous","Slco1c1","UP","Slco1c1"
1.80282312145178e-14,-0.280815711178454,0.674,0.764,5.82023416529494e-10,"heterozygous","Prdx6","DOWN","Prdx6"
1.90315378591465e-14,-0.342443796740506,0.494,0.602,6.14414168244687e-10,"heterozygous","Tspan5","DOWN","Tspan5"
1.9413660019641e-14,-0.268962308772878,0.685,0.779,6.2675060007409e-10,"heterozygous","Macrod2","DOWN","Macrod2"
2.05164150332579e-14,-0.280020445306358,0.412,0.539,6.62351942933697e-10,"heterozygous","Prelid3a","DOWN","Prelid3a"
2.64770991629961e-14,-0.227380363724803,0.058,0.129,8.54786669378166e-10,"heterozygous","Rrp8","DOWN","Rrp8"
2.86657420148212e-14,0.261682509181181,0.881,0.886,9.25444815206488e-10,"heterozygous","Sfxn5","UP","Sfxn5"
3.51044303923447e-14,0.350548578230853,0.13,0.062,1.13331143078646e-09,"heterozygous","Slco1b2","UP","Slco1b2"
3.52283425245924e-14,-0.288037439344976,0.345,0.458,1.13731181006394e-09,"heterozygous","Crot","DOWN","Crot"
3.53258272865439e-14,-0.281553298127551,0.565,0.669,1.14045900811878e-09,"heterozygous","Zhx3","DOWN","Zhx3"
3.57970275664513e-14,-0.215207114259889,0.919,0.944,1.15567123795531e-09,"heterozygous","Fgfr2","DOWN","Fgfr2"
4.21436475911687e-14,0.337339141306202,0.569,0.484,1.36056551883329e-09,"heterozygous","Zfp532","UP","Zfp532"
4.86391087934121e-14,-0.346509108859251,0.182,0.286,1.57026498828652e-09,"heterozygous","Sgcz","DOWN","Sgcz"
7.61102633507075e-14,-0.304921138003867,0.094,0.173,2.45714374201424e-09,"heterozygous","Map7d2","DOWN","Map7d2"
8.8948675333371e-14,-0.291820024551563,0.592,0.689,2.87161903446255e-09,"heterozygous","Wnk2","DOWN","Wnk2"
1.07934200379016e-13,-0.271649609179416,0.615,0.711,3.48454772503616e-09,"heterozygous","Garem1","DOWN","Garem1"
1.42111462578732e-13,-0.320585987998372,0.231,0.333,4.5879264578918e-09,"heterozygous","Bcl2l1","DOWN","Bcl2l1"
2.20201939842905e-13,-0.340321046988482,0.488,0.585,7.10899942588835e-09,"heterozygous","Mcu","DOWN","Mcu"
2.38026152421432e-13,-0.175121948314409,0.961,0.975,7.68443630477351e-09,"heterozygous","Adgrb3","DOWN","Adgrb3"
2.62558120509311e-13,-0.288212480330851,0.496,0.605,8.4764263625226e-09,"heterozygous","Efr3b","DOWN","Efr3b"
3.25673695876413e-13,-0.261145460181925,0.654,0.752,1.05140495976741e-08,"heterozygous","Mical2","DOWN","Mical2"
4.80144362816846e-13,-0.264826236465145,0.434,0.555,1.55009806091791e-08,"heterozygous","Fhit","DOWN","Fhit"
4.87872643279827e-13,-0.272028713808648,0.091,0.17,1.57504804156459e-08,"heterozygous","Eya4","DOWN","Eya4"
5.22916586196795e-13,-0.233540775684891,0.121,0.207,1.68818390687773e-08,"heterozygous","Per2","DOWN","Per2"
5.28841087756761e-13,-0.29387573301914,0.489,0.587,1.70731056771393e-08,"heterozygous","Crlf3","DOWN","Crlf3"
5.98102796517978e-13,0.286716530791963,0.896,0.893,1.93091506827864e-08,"heterozygous","Kirrel3","UP","Kirrel3"
7.11172742747072e-13,-0.220781211951404,0.885,0.925,2.29595008268465e-08,"heterozygous","Acsl3","DOWN","Acsl3"
8.87983075802477e-13,-0.238976368669692,0.114,0.198,2.86676456192072e-08,"heterozygous","Gm13684","DOWN","Gm13684"
9.24417639660017e-13,-0.2358592244243,0.647,0.733,2.9843899078784e-08,"heterozygous","Crebbp","DOWN","Crebbp"
1.05493082560508e-12,-0.266169299308827,0.164,0.257,3.40573867738343e-08,"heterozygous","Zfhx3","DOWN","Zfhx3"
1.20885526830134e-12,-0.322733120403383,0.455,0.559,3.90266834818405e-08,"heterozygous","Fam184a","DOWN","Fam184a"
1.23444905799786e-12,-0.270214195505372,0.499,0.599,3.98529533884029e-08,"heterozygous","Smarca2","DOWN","Smarca2"
1.26172650785658e-12,-0.264552447366919,0.152,0.241,4.07335785796418e-08,"heterozygous","Usp2","DOWN","Usp2"
1.28334011878998e-12,-0.203514011845589,0.052,0.116,4.14313523950156e-08,"heterozygous","Pim3","DOWN","Pim3"
1.42917355648245e-12,-0.301681805506947,0.405,0.506,4.61394390974795e-08,"heterozygous","Camk2n1","DOWN","Camk2n1"
1.53566995085802e-12,-0.323113236595745,0.508,0.614,4.95775686935005e-08,"heterozygous","Mt3","DOWN","Mt3"
1.57214252844214e-12,-0.295104569367109,0.366,0.476,5.0755049388226e-08,"heterozygous","Ocrl","DOWN","Ocrl"
1.75739010988664e-12,-0.279568696339191,0.284,0.389,5.67355823075803e-08,"heterozygous","Lifr","DOWN","Lifr"
2.87471022583326e-12,-0.238167143056863,0.366,0.482,9.28071449308009e-08,"heterozygous","Nudt3","DOWN","Nudt3"
3.27339622634403e-12,-0.276106094526528,0.361,0.468,1.05678323771291e-07,"heterozygous","Cmip","DOWN","Cmip"
3.28078801817224e-12,-0.232758813656327,0.215,0.317,1.05916960378673e-07,"heterozygous","Dbp","DOWN","Dbp"
3.41542681657821e-12,-0.273660828633085,0.38,0.486,1.10263639346411e-07,"heterozygous","Trp53bp2","DOWN","Trp53bp2"
3.52497399314081e-12,-0.29977652287785,0.072,0.139,1.13800260394558e-07,"heterozygous","Rpe65","DOWN","Rpe65"
4.98397747297047e-12,-0.262209793862625,0.233,0.333,1.60902728737379e-07,"heterozygous","Prickle1","DOWN","Prickle1"
5.43014451314598e-12,-0.27911001577877,0.14,0.227,1.75306785462405e-07,"heterozygous","Fam184b","DOWN","Fam184b"
6.95173782870957e-12,0.272569234659932,0.746,0.697,2.2442990406206e-07,"heterozygous","Bach2","UP","Bach2"
7.18271516284455e-12,-0.274769878358621,0.3,0.403,2.31886776317273e-07,"heterozygous","P4ha1","DOWN","P4ha1"
8.09099388651662e-12,0.335314009235637,0.409,0.322,2.61209646632303e-07,"heterozygous","Tmem44","UP","Tmem44"
8.79072648153061e-12,0.332617959480863,0.656,0.609,2.83799813729734e-07,"heterozygous","Gramd3","UP","Gramd3"
9.65568621181048e-12,-0.2986147811624,0.516,0.622,3.11724173662089e-07,"heterozygous","Cntn1","DOWN","Cntn1"
1.05431590926031e-11,-0.253172097811192,0.326,0.436,3.40375348145598e-07,"heterozygous","Map4k3","DOWN","Map4k3"
1.19914908026282e-11,-0.27082638796976,0.696,0.767,3.87133289072049e-07,"heterozygous","Tox","DOWN","Tox"
1.444701682722e-11,-0.263198455277296,0.589,0.683,4.66407491249969e-07,"heterozygous","Hipk2","DOWN","Hipk2"
1.75491423795575e-11,0.239037997052359,0.873,0.858,5.66556512581634e-07,"heterozygous","Ddhd1","UP","Ddhd1"
2.15003946626757e-11,-0.301009860685032,0.389,0.488,6.94118741289821e-07,"heterozygous","Aff1","DOWN","Aff1"
2.25078056663489e-11,-0.2999579332204,0.399,0.505,7.26641998132407e-07,"heterozygous","Id4","DOWN","Id4"
2.4066999063403e-11,0.301431440513259,0.598,0.525,7.76978997762904e-07,"heterozygous","Klf7","UP","Klf7"
2.68219822118117e-11,-0.276870862080363,0.365,0.466,8.65920873726129e-07,"heterozygous","Tiparp","DOWN","Tiparp"
2.91424350299232e-11,-0.251766327615478,0.211,0.305,9.4083437250604e-07,"heterozygous","Mxd4","DOWN","Mxd4"
3.03966711926753e-11,-0.277816287249573,0.423,0.525,9.8132613278433e-07,"heterozygous","Foxo1","DOWN","Foxo1"
3.32932121235842e-11,0.334360763997151,0.311,0.229,1.07483806019779e-06,"heterozygous","Zfp36l2","UP","Zfp36l2"
3.62799456328648e-11,0.315369694860021,0.365,0.279,1.17126176481141e-06,"heterozygous","Pfkfb4","UP","Pfkfb4"
3.82998164147359e-11,-0.256985851089161,0.273,0.373,1.23647127313333e-06,"heterozygous","Stim1","DOWN","Stim1"
4.24392761238422e-11,0.291533848200344,0.706,0.662,1.37010959038212e-06,"heterozygous","Prdm16","UP","Prdm16"
4.58506055474291e-11,-0.266227502733033,0.135,0.214,1.4802409494932e-06,"heterozygous","Tob2","DOWN","Tob2"
4.76249774587855e-11,-0.268360025754945,0.461,0.564,1.53752477227943e-06,"heterozygous","Eya1","DOWN","Eya1"
6.19058707606494e-11,-0.206488946179113,0.062,0.122,1.9985691316368e-06,"heterozygous","Gm14211","DOWN","Gm14211"
6.31640765214596e-11,-0.248119096769357,0.243,0.338,2.0391890464188e-06,"heterozygous","Glrb","DOWN","Glrb"
6.66427357250036e-11,-0.257046600321166,0.38,0.481,2.15149408014602e-06,"heterozygous","Nr1d2","DOWN","Nr1d2"
6.82964995442854e-11,-0.317159937669235,0.622,0.708,2.20488419128771e-06,"heterozygous","Alcam","DOWN","Alcam"
6.96706614764158e-11,0.306926635754345,0.492,0.417,2.24924763510461e-06,"heterozygous","Ophn1","UP","Ophn1"
9.17607998695271e-11,-0.173119976493361,0.92,0.938,2.96240566298781e-06,"heterozygous","Farp1","DOWN","Farp1"
9.44333007850987e-11,-0.229632976064048,0.183,0.272,3.04868468254613e-06,"heterozygous","Gm47423","DOWN","Gm47423"
1.16469968926599e-10,-0.232746864792247,0.394,0.5,3.76011647682631e-06,"heterozygous","Tef","DOWN","Tef"
1.17807769108501e-10,-0.19819062421033,0.843,0.882,3.80330601789885e-06,"heterozygous","Appl2","DOWN","Appl2"
1.70172627069216e-10,0.198499606132164,0.829,0.797,5.49385309230257e-06,"heterozygous","Ogt","UP","Ogt"
1.7317268260219e-10,-0.149513977175463,0.982,0.982,5.59070688512911e-06,"heterozygous","Ank2","DOWN","Ank2"
1.74206227617754e-10,0.304678517817102,0.249,0.17,5.62407385241156e-06,"heterozygous","Ccdc190","UP","Ccdc190"
1.84837749965723e-10,-0.222223305070119,0.777,0.835,5.9673019198934e-06,"heterozygous","Prkd1","DOWN","Prkd1"
1.89151039922543e-10,-0.236420289467907,0.204,0.293,6.10655217285939e-06,"heterozygous","Ksr1","DOWN","Ksr1"
1.95516528209005e-10,-0.248398749752185,0.232,0.32,6.31205559669953e-06,"heterozygous","Fam49a","DOWN","Fam49a"
2.10347119313958e-10,0.350009525427322,0.535,0.472,6.79084639993183e-06,"heterozygous","Tagln3","UP","Tagln3"
2.3165707754033e-10,-0.246601091610316,0.22,0.309,7.478817091312e-06,"heterozygous","Rnf24","DOWN","Rnf24"
2.32898254638138e-10,0.322842407772778,0.415,0.339,7.51888725273766e-06,"heterozygous","Etv4","UP","Etv4"
2.433995824518e-10,-0.244182246083654,0.433,0.528,7.85791211987391e-06,"heterozygous","Lrrc58","DOWN","Lrrc58"
2.45708963681871e-10,-0.238064117796514,0.176,0.261,7.93246818350552e-06,"heterozygous","Arhgap39","DOWN","Arhgap39"
2.76150811578176e-10,0.275065531303663,0.156,0.093,8.91525280098985e-06,"heterozygous","Adam2","UP","Adam2"
3.46561593645776e-10,0.316962135562062,0.271,0.195,1.11883944892602e-05,"heterozygous","Dbi","UP","Dbi"
3.75263360164083e-10,-0.263717627431647,0.258,0.348,1.21150023195372e-05,"heterozygous","Selenop","DOWN","Selenop"
4.24426298621544e-10,0.160483747301835,0.952,0.955,1.37021786246979e-05,"heterozygous","Npas3","UP","Npas3"
4.62451383406417e-10,-0.231821671737062,0.205,0.292,1.49297804618928e-05,"heterozygous","Megf9","DOWN","Megf9"
4.80174876370671e-10,-0.197609515366271,0.203,0.294,1.55019657087508e-05,"heterozygous","Meis1","DOWN","Meis1"
5.13749102141827e-10,-0.271774125599623,0.532,0.625,1.65858760135468e-05,"heterozygous","Ttyh3","DOWN","Ttyh3"
5.2019791924098e-10,0.173335141694476,0.997,0.994,1.67940696247758e-05,"heterozygous","Mir99ahg","UP","Mir99ahg"
5.57644238729276e-10,-0.223726220440274,0.634,0.711,1.80029866031359e-05,"heterozygous","Abi1","DOWN","Abi1"
5.90073377325731e-10,0.331315282778975,0.288,0.211,1.90499289135839e-05,"heterozygous","Hspa5","UP","Hspa5"
8.49060388788446e-10,-0.237474195425891,0.291,0.382,2.74110655916462e-05,"heterozygous","Fam171a1","DOWN","Fam171a1"
8.84840014124577e-10,-0.1963142360824,0.122,0.195,2.85661750159978e-05,"heterozygous","Btbd3","DOWN","Btbd3"
1.00541360726876e-09,0.321282008035263,0.322,0.244,3.24587728970647e-05,"heterozygous","Sox2","UP","Sox2"
1.20955935661136e-09,0.312856153746195,0.242,0.172,3.90494142688411e-05,"heterozygous","Calr","UP","Calr"
1.22109420009697e-09,0.216443453185754,0.775,0.747,3.94218051559305e-05,"heterozygous","Slc27a1","UP","Slc27a1"
1.271581103043e-09,0.270539049591643,0.658,0.603,4.10517243306402e-05,"heterozygous","Fut8","UP","Fut8"
1.3101423640455e-09,-0.25037883282281,0.575,0.664,4.2296636080845e-05,"heterozygous","Zswim6","DOWN","Zswim6"
1.46634433533471e-09,0.293566862007807,0.639,0.585,4.73394605219459e-05,"heterozygous","Gm5089","UP","Gm5089"
2.20117254433231e-09,-0.230960903796332,0.168,0.246,7.10626544212242e-05,"heterozygous","Prr5","DOWN","Prr5"
2.28482095993369e-09,-0.237852480988922,0.286,0.374,7.37631598704992e-05,"heterozygous","Foxo3","DOWN","Foxo3"
2.34246079712637e-09,-0.224913724287696,0.065,0.12,7.56240043744279e-05,"heterozygous","Prom1","DOWN","Prom1"
2.40163419252287e-09,-0.249079257656847,0.185,0.263,7.75343582714084e-05,"heterozygous","Mrpl41","DOWN","Mrpl41"
2.42770576452721e-09,-0.219042739107577,0.754,0.813,7.83760529019965e-05,"heterozygous","F3","DOWN","F3"
2.80572670442464e-09,-0.152192386014709,0.95,0.959,9.05800809256449e-05,"heterozygous","Cpe","DOWN","Cpe"
2.88010997282037e-09,-0.182717050517497,0.217,0.306,9.29814703625327e-05,"heterozygous","Suclg1","DOWN","Suclg1"
2.95929468172546e-09,-0.218792126960153,0.539,0.625,9.55378695048246e-05,"heterozygous","Aldoc","DOWN","Aldoc"
3.05833457144017e-09,-0.234157572173845,0.273,0.362,9.87352733043746e-05,"heterozygous","Nadk","DOWN","Nadk"
3.30069343325518e-09,-0.223649485216898,0.254,0.345,0.00010655958679921,"heterozygous","Ezr","DOWN","Ezr"
3.35923295086194e-09,-0.225611217107429,0.298,0.389,0.000108449476585627,"heterozygous","Smox","DOWN","Smox"
3.40824470325265e-09,-0.183557984786124,0.717,0.798,0.000110031771999809,"heterozygous","Fgf14","DOWN","Fgf14"
4.25019233204329e-09,0.30744272428986,0.499,0.439,0.000137213209247685,"heterozygous","Gm48747","UP","Gm48747"
4.36440814705751e-09,-0.20485414712958,0.309,0.404,0.000140900552619605,"heterozygous","Ifrd1","DOWN","Ifrd1"
4.48602284077364e-09,-0.245665386203748,0.163,0.235,0.000144826761391536,"heterozygous","Klf13","DOWN","Klf13"
4.56003470101527e-09,0.20554787398233,0.91,0.906,0.000147216160287577,"heterozygous","Rgs20","UP","Rgs20"
4.83570338437244e-09,-0.249028956082143,0.561,0.644,0.00015611584806108,"heterozygous","Plcb4","DOWN","Plcb4"
5.38937528993688e-09,0.20002046779136,0.913,0.905,0.000173990591860322,"heterozygous","Grm3","UP","Grm3"
5.65684180265739e-09,-0.197578183115483,0.097,0.159,0.000182625480756991,"heterozygous","Bcar1","DOWN","Bcar1"
6.02614584644282e-09,-0.167220726748437,0.823,0.884,0.00019454809250656,"heterozygous","Camk1d","DOWN","Camk1d"
7.21271674773903e-09,0.275942019535595,0.514,0.452,0.000232855347484007,"heterozygous","Slc38a3","UP","Slc38a3"
7.38767035086995e-09,-0.134628409709635,0.945,0.952,0.000238503549607486,"heterozygous","Wdr17","DOWN","Wdr17"
7.77977263375441e-09,0.290983749119787,0.336,0.265,0.000251162179708127,"heterozygous","Zfp36l1","UP","Zfp36l1"
7.82805417702945e-09,-0.213786745946504,0.33,0.422,0.000252720901051219,"heterozygous","Chst2","DOWN","Chst2"
8.00132834641202e-09,-0.216373006440347,0.321,0.406,0.000258314884335566,"heterozygous","Lrp6","DOWN","Lrp6"
8.2421733610823e-09,-0.236754719278105,0.301,0.388,0.000266090324789181,"heterozygous","Kdm3a","DOWN","Kdm3a"
8.33712138886797e-09,-0.203465829514256,0.669,0.749,0.000269155626918214,"heterozygous","Prkn","DOWN","Prkn"
8.68746242069626e-09,-0.181380519315682,0.247,0.337,0.000280466036789758,"heterozygous","Susd6","DOWN","Susd6"
9.77680641488381e-09,-0.187891029148688,0.844,0.877,0.000315634418298109,"heterozygous","Ttyh1","DOWN","Ttyh1"
1.03000284197973e-08,-0.173298410509441,0.55,0.641,0.000332526117504735,"heterozygous","Nrxn2","DOWN","Nrxn2"
1.24312550839207e-08,-0.208527030943396,0.303,0.391,0.000401330639129295,"heterozygous","Ndufaf4","DOWN","Ndufaf4"
1.26002626847894e-08,-0.301968685910082,0.247,0.328,0.000406786880515739,"heterozygous","Maob","DOWN","Maob"
1.512199522583e-08,0.215492956982676,0.783,0.749,0.000488198493870696,"heterozygous","Srgap3","UP","Srgap3"
1.5268520945476e-08,0.307415453957055,0.517,0.462,0.000492928930203748,"heterozygous","Gm48742","UP","Gm48742"
1.58983898878153e-08,0.292237272202757,0.343,0.273,0.000513263619138229,"heterozygous","Sept8","UP","Sept8"
1.74248807054072e-08,-0.234671375465842,0.573,0.661,0.000562544848693366,"heterozygous","Csmd1","DOWN","Csmd1"
1.78334019980606e-08,-0.2256579782164,0.283,0.366,0.000575733550105387,"heterozygous","Nadk2","DOWN","Nadk2"
1.86646368616576e-08,-0.208275234425145,0.065,0.116,0.000602569136441753,"heterozygous","Gm11417","DOWN","Gm11417"
1.87313037934967e-08,0.180598434875428,0.934,0.928,0.000604721411669248,"heterozygous","Rorb","UP","Rorb"
1.89860991436939e-08,-0.267194047416254,0.258,0.343,0.000612947224755013,"heterozygous","Lrrtm4","DOWN","Lrrtm4"
1.94103590083643e-08,-0.304870418510449,0.294,0.37,0.000626644030226034,"heterozygous","Shisa9","DOWN","Shisa9"
2.09391549985555e-08,-0.123449382548977,0.972,0.983,0.000675999679973366,"heterozygous","Auts2","DOWN","Auts2"
2.50229047821813e-08,0.257014016568865,0.586,0.533,0.000807839457987941,"heterozygous","Tspan9","UP","Tspan9"
2.50980212306497e-08,-0.198055118467223,0.681,0.75,0.000810264517410294,"heterozygous","Ssbp2","DOWN","Ssbp2"
2.62872234013707e-08,0.204056435621715,0.125,0.073,0.000848656720289853,"heterozygous","Gm39323","UP","Gm39323"
2.76727690553212e-08,-0.227616049564645,0.221,0.295,0.000893387676181991,"heterozygous","Mrtfa","DOWN","Mrtfa"
3.0002074848409e-08,0.27958025932905,0.203,0.142,0.000968586984406035,"heterozygous","Gm41492","UP","Gm41492"
3.00864484381239e-08,-0.187454696129665,0.164,0.238,0.000971310901376393,"heterozygous","Ilk","DOWN","Ilk"
3.05209536275208e-08,-0.202779339911124,0.507,0.6,0.000985338466910882,"heterozygous","Kcnd2","DOWN","Kcnd2"
3.2474504877725e-08,-0.237589175836494,0.144,0.209,0.00104840691547247,"heterozygous","B4galt6","DOWN","B4galt6"
3.34002835284751e-08,-0.205341239415641,0.129,0.194,0.00107829475343329,"heterozygous","Nell2","DOWN","Nell2"
3.47268689788106e-08,-0.198679861180971,0.184,0.259,0.00112112223811192,"heterozygous","Klf15","DOWN","Klf15"
3.61851895179567e-08,-0.228322134696015,0.191,0.267,0.00116820265839771,"heterozygous","Pdgfc","DOWN","Pdgfc"
3.80191009273554e-08,-0.200605129523,0.257,0.337,0.00122740865433874,"heterozygous","Itprid2","DOWN","Itprid2"
3.84096870466289e-08,-0.193557071080002,0.129,0.194,0.00124001833661337,"heterozygous","Gm26532","DOWN","Gm26532"
3.9730103404056e-08,0.238337388514284,0.199,0.136,0.00128264665829654,"heterozygous","Slc43a2","UP","Slc43a2"
4.1096723410328e-08,-0.192357322291927,0.644,0.724,0.00132676661857903,"heterozygous","Pik3r1","DOWN","Pik3r1"
4.15875196728151e-08,-0.212939487452309,0.352,0.444,0.00134261148511716,"heterozygous","Aplp1","DOWN","Aplp1"
4.26066655876367e-08,0.178706216257503,0.874,0.86,0.00137551359183126,"heterozygous","Rbm39","UP","Rbm39"
4.42147281588959e-08,-0.105899328365997,0.959,0.962,0.0014274282838818,"heterozygous","Ntm","DOWN","Ntm"
4.44811319008229e-08,-0.164474372185713,0.225,0.308,0.00143602886228617,"heterozygous","Capn2","DOWN","Capn2"
4.98872094022424e-08,0.191220397084024,0.838,0.816,0.00161055866834199,"heterozygous","Fnbp1","UP","Fnbp1"
4.99345329551902e-08,0.144807328259267,0.928,0.92,0.00161208646192536,"heterozygous","Dgkb","UP","Dgkb"
5.04976179180665e-08,0.274795347872385,0.429,0.364,0.00163026509686686,"heterozygous","Arhgef10l","UP","Arhgef10l"
5.30979793597464e-08,0.272588493573522,0.364,0.293,0.00171421516565005,"heterozygous","Actb","UP","Actb"
5.5583321369984e-08,0.157304967094914,0.909,0.905,0.00179445194710857,"heterozygous","Grid2","UP","Grid2"
5.59458027468538e-08,0.170244027256549,0.865,0.858,0.00180615429587943,"heterozygous","Pnisr","UP","Pnisr"
5.76773695857854e-08,0.170415988761679,0.94,0.942,0.0018620561997075,"heterozygous","Ddx5","UP","Ddx5"
5.81372700633817e-08,-0.176276773471054,0.183,0.256,0.00187690362672621,"heterozygous","Mdn1","DOWN","Mdn1"
6.4058352170499e-08,-0.162851770292868,0.281,0.369,0.00206805984147239,"heterozygous","Suz12","DOWN","Suz12"
6.62692361372293e-08,-0.178586059635185,0.463,0.549,0.00213943601945431,"heterozygous","Erc1","DOWN","Erc1"
7.6547522255586e-08,-0.147431458027602,0.095,0.153,0.00247126020849934,"heterozygous","Tpgs2","DOWN","Tpgs2"
7.92970622013905e-08,0.217421334933346,0.681,0.627,0.00256002635610969,"heterozygous","Fam13c","UP","Fam13c"
8.0453166422419e-08,-0.227638046828775,0.288,0.367,0.00259735002478138,"heterozygous","Mrtfb","DOWN","Mrtfb"
8.13750308460761e-08,-0.244279859800945,0.516,0.602,0.00262711149583472,"heterozygous","Pnpla7","DOWN","Pnpla7"
8.14165129593784e-08,-0.138461594857802,0.082,0.136,0.00262845070438057,"heterozygous","Lrrc8a","DOWN","Lrrc8a"
8.23678743376166e-08,-0.19561968738882,0.197,0.271,0.00265916445511562,"heterozygous","Tent4b","DOWN","Tent4b"
8.8586230079188e-08,-0.187068062491915,0.575,0.668,0.00285991785187651,"heterozygous","Epc1","DOWN","Epc1"
9.09937205366113e-08,-0.212606306567344,0.466,0.549,0.00293764127380396,"heterozygous","Prkca","DOWN","Prkca"
9.31803992002772e-08,0.208682084298386,0.637,0.588,0.00300823600778175,"heterozygous","Atp2b2","UP","Atp2b2"
9.53100593986761e-08,-0.166211914339598,0.557,0.642,0.00307698995762686,"heterozygous","Hnrnpdl","DOWN","Hnrnpdl"
1.0676594441386e-07,-0.128222853395281,0.553,0.648,0.00344683174945706,"heterozygous","Dlg2","DOWN","Dlg2"
1.08647298347259e-07,-0.276597692986718,0.241,0.314,0.00350756937984292,"heterozygous","Dach1","DOWN","Dach1"
1.20695433452453e-07,-0.184985647606873,0.658,0.727,0.00389653137357898,"heterozygous","Znrf3","DOWN","Znrf3"
1.20705266880621e-07,-0.175582111970716,0.825,0.873,0.00389684883597397,"heterozygous","Adk","DOWN","Adk"
1.25971995411628e-07,0.251381047517231,0.203,0.142,0.00406687989986901,"heterozygous","Hgf","UP","Hgf"
1.35607972941202e-07,0.225905391789629,0.174,0.117,0.00437796779843377,"heterozygous","Mmp14","UP","Mmp14"
1.36329062290614e-07,0.20956311386472,0.163,0.107,0.00440124744699017,"heterozygous","Cxxc5","UP","Cxxc5"
1.45736699082191e-07,-0.192692999263494,0.405,0.488,0.00470496359316944,"heterozygous","Cdc37l1","DOWN","Cdc37l1"
1.45785991982268e-07,-0.173042263887357,0.057,0.102,0.00470655496515554,"heterozygous","Kitl","DOWN","Kitl"
1.5553278981066e-07,-0.153079487270192,0.701,0.763,0.00502122058624735,"heterozygous","Tnrc6a","DOWN","Tnrc6a"
1.63871411890481e-07,0.246651973323456,0.15,0.099,0.00529042466147229,"heterozygous","Gm21860","UP","Gm21860"
1.66845238618193e-07,0.233125905346705,0.656,0.62,0.00538643168354974,"heterozygous","Sybu","UP","Sybu"
1.8896607045308e-07,0.266007862930626,0.769,0.748,0.00610058061850724,"heterozygous","Rgs6","UP","Rgs6"
1.94160561071502e-07,-0.29425002050165,0.251,0.328,0.00626827955363236,"heterozygous","Crim1","DOWN","Crim1"
1.95489566876082e-07,-0.178590107568626,0.436,0.525,0.00631118517702745,"heterozygous","Ube2k","DOWN","Ube2k"
1.99333811827451e-07,-0.308932268902153,0.457,0.546,0.00643529278103743,"heterozygous","Rbfox1","DOWN","Rbfox1"
2.0323677076025e-07,-0.222148953816835,0.211,0.281,0.0065612959072239,"heterozygous","Gabra4","DOWN","Gabra4"
2.15721239465982e-07,-0.211142217570065,0.421,0.497,0.00696434449491975,"heterozygous","Eva1a","DOWN","Eva1a"
2.31743564331495e-07,-0.189448526875069,0.5,0.579,0.00748160923087798,"heterozygous","Usp54","DOWN","Usp54"
2.58556091062874e-07,-0.142607778257421,0.897,0.922,0.00834722484387382,"heterozygous","Sparcl1","DOWN","Sparcl1"
2.79167984645348e-07,-0.200051044591034,0.345,0.423,0.00901265921629043,"heterozygous","Lcorl","DOWN","Lcorl"
2.86211532759194e-07,-0.215239861128166,0.242,0.315,0.00924005312359781,"heterozygous","Sema4b","DOWN","Sema4b"
3.54439702473171e-07,-0.185134703204728,0.347,0.432,0.0114427313546438,"heterozygous","Raver2","DOWN","Raver2"
3.70108059682926e-07,0.149796704755979,0.87,0.849,0.0119485685988036,"heterozygous","Zeb1","UP","Zeb1"
4.11215640799018e-07,-0.193492898840781,0.427,0.516,0.0132756857475555,"heterozygous","Soat1","DOWN","Soat1"
4.13684093653894e-07,-0.156485070479354,0.092,0.144,0.0133553772795223,"heterozygous","Ppp1r3g","DOWN","Ppp1r3g"
4.89835883500849e-07,-0.244264158410194,0.255,0.325,0.0158138616629414,"heterozygous","Fstl1","DOWN","Fstl1"
5.15104996449086e-07,-0.226170459148421,0.347,0.418,0.0166296497053623,"heterozygous","Adcy9","DOWN","Adcy9"
5.26500766910233e-07,-0.165103362116011,0.097,0.15,0.01699755075893,"heterozygous","Smarcd2","DOWN","Smarcd2"
5.32784496911915e-07,-0.153771471663069,0.362,0.449,0.0172004146983043,"heterozygous","Irf2","DOWN","Irf2"
5.43477072055585e-07,0.229120095669883,0.607,0.557,0.0175456137942425,"heterozygous","Camk2d","UP","Camk2d"
5.73183179925445e-07,-0.236262415865576,0.176,0.239,0.0185046457807131,"heterozygous","Chl1","DOWN","Chl1"
5.9071807320489e-07,-0.189374172630319,0.515,0.598,0.0190707422753467,"heterozygous","Ccdc50","DOWN","Ccdc50"
6.00691055689938e-07,-0.146924595841326,0.894,0.927,0.0193927100418939,"heterozygous","Stox2","DOWN","Stox2"
6.07538520307374e-07,0.268805332172565,0.415,0.357,0.0196137735896033,"heterozygous","Cecr2","UP","Cecr2"
6.09005584097499e-07,-0.166571491482549,0.566,0.655,0.0196611362770037,"heterozygous","Sept7","DOWN","Sept7"
6.37695295417151e-07,-0.187599915305714,0.433,0.522,0.0205873549172473,"heterozygous","Fth1","DOWN","Fth1"
6.55448398897332e-07,-0.173572274801243,0.181,0.248,0.0211604961100015,"heterozygous","Idh2","DOWN","Idh2"
6.6894433191e-07,0.276940804965102,0.439,0.388,0.0215961988113825,"heterozygous","Slc25a18","UP","Slc25a18"
7.19186339806865e-07,-0.1622979476883,0.199,0.272,0.0232182117943248,"heterozygous","Ptprn2","DOWN","Ptprn2"
7.48925458059501e-07,-0.144057073431644,0.096,0.147,0.0241783094879929,"heterozygous","Zfp664","DOWN","Zfp664"
7.84860420594402e-07,0.216960453709502,0.489,0.427,0.0253384338184697,"heterozygous","Cbs","UP","Cbs"
8.12271888830211e-07,0.193102722173514,0.112,0.069,0.0262233856589945,"heterozygous","Gm34086","UP","Gm34086"
8.12541361205943e-07,-0.196015072916794,0.116,0.172,0.0262320853051727,"heterozygous","Kcnd3","DOWN","Kcnd3"
8.30612910507204e-07,-0.21315424018394,0.582,0.65,0.0268155072028146,"heterozygous","Fry","DOWN","Fry"
8.56938511278551e-07,-0.161696535354312,0.11,0.165,0.0276654028981167,"heterozygous","Cnksr3","DOWN","Cnksr3"
9.08238344400082e-07,-0.188192296427287,0.167,0.23,0.0293215667106122,"heterozygous","Nedd9","DOWN","Nedd9"
9.65810635778569e-07,-0.155259472043905,0.175,0.239,0.0311802305654753,"heterozygous","Lrpprc","DOWN","Lrpprc"
9.80562318223848e-07,-0.187502976109659,0.238,0.308,0.0316564738815387,"heterozygous","Fzd2","DOWN","Fzd2"
9.93072694510798e-07,0.199611828178532,0.637,0.577,0.0320603588695866,"heterozygous","Clybl","UP","Clybl"
1.03735228679703e-06,0.25703370600228,0.521,0.467,0.0334898812269553,"heterozygous","Gabbr2","UP","Gabbr2"
1.04274738817672e-06,-0.206022465686608,0.436,0.514,0.0336640566798971,"heterozygous","Gng12","DOWN","Gng12"
1.04677384881188e-06,0.142165160628489,0.936,0.948,0.0337940469350429,"heterozygous","Ptprz1","UP","Ptprz1"
1.05416099581288e-06,-0.222171514914526,0.254,0.324,0.0340325335888231,"heterozygous","Fam110b","DOWN","Fam110b"
1.09233370057979e-06,-0.187059268303835,0.158,0.218,0.035264901189518,"heterozygous","Farp2","DOWN","Farp2"
1.10622846654737e-06,-0.180298130179849,0.18,0.245,0.0357134798140154,"heterozygous","Ptprf","DOWN","Ptprf"
1.11680498791729e-06,-0.193574176256927,0.374,0.452,0.0360549322299219,"heterozygous","Acot11","DOWN","Acot11"
1.24921744390813e-06,-0.201869028977741,0.577,0.649,0.04032973595913,"heterozygous","Arhgef4","DOWN","Arhgef4"
1.28639579938233e-06,-0.153398092448453,0.634,0.713,0.0415300019872592,"heterozygous","Srpk2","DOWN","Srpk2"
1.29589677930876e-06,-0.248446350493636,0.316,0.387,0.041836731623204,"heterozygous","Robo1","DOWN","Robo1"
1.31727678684928e-06,-0.176865713814096,0.258,0.333,0.0425269637866421,"heterozygous","Sall3","DOWN","Sall3"
1.34771374616364e-06,-0.165641298504067,0.543,0.621,0.043509590581147,"heterozygous","Fgd6","DOWN","Fgd6"
1.43067000457791e-06,0.234231578559135,0.575,0.536,0.0461877504277931,"heterozygous","Mapt","UP","Mapt"
1.43341873446853e-06,-0.157033949922693,0.164,0.227,0.0462764904235822,"heterozygous","Ssbp3","DOWN","Ssbp3"
1.63259791288099e-06,-0.168245235451139,0.096,0.144,0.0527067910194499,"heterozygous","Oscp1","DOWN","Oscp1"
1.76178815445645e-06,-0.184965441535628,0.123,0.177,0.0568775687784719,"heterozygous","Ybx1","DOWN","Ybx1"
1.80943652367283e-06,-0.16845536475514,0.635,0.703,0.0584158487302536,"heterozygous","Fat3","DOWN","Fat3"
1.86380115213217e-06,-0.187841772433849,0.365,0.442,0.060170956395435,"heterozygous","Mid1","DOWN","Mid1"
1.90302497833455e-06,0.230856122381324,0.497,0.451,0.0614372584005527,"heterozygous","Gm973","UP","Gm973"
1.90959151625896e-06,-0.16552895968549,0.137,0.194,0.0616492525109042,"heterozygous","0610010F05Rik","DOWN","0610010F05Rik"
1.9151897286254e-06,0.225547886312739,0.694,0.685,0.0618299851989425,"heterozygous","Cep85l","UP","Cep85l"
2.00190837635517e-06,0.157419824447248,0.888,0.878,0.0646296100222502,"heterozygous","Hnrnpa2b1","UP","Hnrnpa2b1"
2.15757287072306e-06,-0.175446332218216,0.587,0.656,0.0696550825584231,"heterozygous","Eps8","DOWN","Eps8"
2.23500800901335e-06,-0.161446967724988,0.247,0.321,0.0721549985629871,"heterozygous","Dennd6a","DOWN","Dennd6a"
2.31138278342848e-06,-0.257304368697163,0.167,0.222,0.0746206817802052,"heterozygous","Abca5","DOWN","Abca5"
2.38083162486687e-06,-0.168136818213845,0.323,0.399,0.0768627681772021,"heterozygous","Nup98","DOWN","Nup98"
2.43383652981403e-06,-0.128387980056517,0.063,0.105,0.0785739785285161,"heterozygous","Rab4a","DOWN","Rab4a"
2.54963740102376e-06,-0.117728849736095,0.725,0.794,0.0823124938546511,"heterozygous","Tenm3","DOWN","Tenm3"
2.63718514758964e-06,-0.196618051726319,0.563,0.623,0.0851388853047839,"heterozygous","Fam20a","DOWN","Fam20a"
2.6639285738125e-06,-0.119253053479631,0.258,0.333,0.0860022700769629,"heterozygous","Cpne1","DOWN","Cpne1"
2.66854781815104e-06,-0.166115237971235,0.226,0.293,0.0861513977611882,"heterozygous","Tns3","DOWN","Tns3"
3.18095213108637e-06,-0.121453276540873,0.616,0.7,0.102693858599992,"heterozygous","Nav2","DOWN","Nav2"
3.29803902539707e-06,-0.144913280131952,0.188,0.25,0.106473891895919,"heterozygous","Cisd2","DOWN","Cisd2"
3.39622220662963e-06,-0.184875013274459,0.222,0.287,0.109643637718831,"heterozygous","Dock9","DOWN","Dock9"
3.49886367756193e-06,-0.202086632496099,0.316,0.382,0.112957314966409,"heterozygous","Rev1","DOWN","Rev1"
3.49999299028242e-06,-0.184662058591739,0.324,0.399,0.112993773698278,"heterozygous","Mfhas1","DOWN","Mfhas1"
3.62081128230768e-06,0.207028106727719,0.159,0.111,0.116894271438021,"heterozygous","G630016G05Rik","UP","G630016G05Rik"
3.64179295876463e-06,-0.174424118063926,0.217,0.282,0.117571643880757,"heterozygous","Por","DOWN","Por"
3.7183379725708e-06,0.189425322522039,0.743,0.713,0.120042823106476,"heterozygous","Acsl6","UP","Acsl6"
3.73417929272896e-06,-0.141630698880689,0.771,0.83,0.120554244286462,"heterozygous","Ahcyl1","DOWN","Ahcyl1"
4.15448916671749e-06,-0.165373936711822,0.3,0.371,0.134123528258307,"heterozygous","Pfkm","DOWN","Pfkm"
4.20927236922269e-06,0.171466845520549,0.822,0.815,0.135892149167985,"heterozygous","Arhgef12","UP","Arhgef12"
4.33731040990493e-06,-0.163009515407319,0.304,0.377,0.140025729273371,"heterozygous","Cdip1","DOWN","Cdip1"
4.37088139754562e-06,0.112504283125411,0.95,0.952,0.141109535038363,"heterozygous","Dtna","UP","Dtna"
4.45809992149017e-06,-0.155940883416567,0.483,0.563,0.143925297865389,"heterozygous","Add1","DOWN","Add1"
4.46649295628607e-06,0.134714088605077,0.908,0.911,0.14419625860074,"heterozygous","Gpc6","UP","Gpc6"
4.63552459237846e-06,-0.137840781542259,0.078,0.122,0.149653275940346,"heterozygous","Nacc1","DOWN","Nacc1"
4.66267156902407e-06,-0.226784791175609,0.196,0.254,0.150529688934373,"heterozygous","Zswim5","DOWN","Zswim5"
4.70985832517565e-06,0.161082070395536,0.843,0.822,0.152053066169971,"heterozygous","Ckb","UP","Ckb"
4.73916982050049e-06,-0.13416612129557,0.085,0.131,0.152999358485038,"heterozygous","Vcan","DOWN","Vcan"
4.80279678667389e-06,0.21287330521851,0.114,0.073,0.15505349146098,"heterozygous","Pde3a","UP","Pde3a"
4.83956800227305e-06,-0.170218026823649,0.273,0.345,0.156240613385383,"heterozygous","Stk38l","DOWN","Stk38l"
5.06044665256419e-06,-0.172200405986275,0.226,0.291,0.163371459731382,"heterozygous","Emc2","DOWN","Emc2"
5.06770979837133e-06,-0.135352118909232,0.128,0.182,0.16360594313062,"heterozygous","Dap3","DOWN","Dap3"
5.15722260844003e-06,-0.123661283177386,0.329,0.406,0.166495774690878,"heterozygous","Anks1","DOWN","Anks1"
5.33750195026569e-06,-0.105500354965667,0.931,0.944,0.172315912962378,"heterozygous","Atp1a2","DOWN","Atp1a2"
5.35266866700193e-06,-0.140360326048462,0.143,0.199,0.17280555524549,"heterozygous","Ywhag","DOWN","Ywhag"
5.61315163995073e-06,-0.179153280188869,0.177,0.235,0.181214987544169,"heterozygous","Pdss1","DOWN","Pdss1"
5.70286868985875e-06,0.254273110334335,0.29,0.237,0.1841114127834,"heterozygous","Gtf2ird1","UP","Gtf2ird1"
5.93486721929395e-06,-0.140581405648382,0.194,0.258,0.191601253307686,"heterozygous","Lpin2","DOWN","Lpin2"
6.20986914316175e-06,-0.110896053931415,0.301,0.376,0.200479415417834,"heterozygous","Nkain2","DOWN","Nkain2"
6.35870821576088e-06,-0.173696806598545,0.233,0.297,0.205284536037624,"heterozygous","Pigs","DOWN","Pigs"
6.61415994741569e-06,-0.146612666888591,0.641,0.705,0.213531539742368,"heterozygous","Hivep2","DOWN","Hivep2"
6.65216536327131e-06,-0.159695632457188,0.579,0.65,0.214758506587851,"heterozygous","A330023F24Rik","DOWN","A330023F24Rik"
7.11344625280144e-06,-0.170054554622093,0.509,0.592,0.229650498825442,"heterozygous","Serpine2","DOWN","Serpine2"
7.20549459372716e-06,-0.141174084885638,0.255,0.325,0.232622187463888,"heterozygous","Hapln1","DOWN","Hapln1"
7.51930255320521e-06,0.221458022361777,0.438,0.384,0.242753163627677,"heterozygous","Nfix","UP","Nfix"
7.61582204068926e-06,0.113741757934499,0.954,0.958,0.245869198761612,"heterozygous","Gpm6b","UP","Gpm6b"
7.79794040659231e-06,-0.154465001979327,0.384,0.465,0.251748708086426,"heterozygous","Gm9925","DOWN","Gm9925"
7.81424772904289e-06,-0.155937520067063,0.189,0.252,0.252275173684421,"heterozygous","Mtx3","DOWN","Mtx3"
8.13313438675135e-06,-0.123986705995993,0.068,0.108,0.262570110541881,"heterozygous","Rasgef1a","DOWN","Rasgef1a"
8.25441842426666e-06,0.166242595716206,0.86,0.849,0.266485644409025,"heterozygous","Rgs7","UP","Rgs7"
8.37741241859885e-06,-0.136074602594836,0.087,0.132,0.270456382522045,"heterozygous","Dennd6b","DOWN","Dennd6b"
8.86295973338055e-06,0.199050945874088,0.677,0.645,0.286131792032458,"heterozygous","4930488L21Rik","UP","4930488L21Rik"
8.87451277505467e-06,-0.159212818525749,0.088,0.133,0.286504770429865,"heterozygous","Gm6277","DOWN","Gm6277"
9.19526526787504e-06,-0.125113875481693,0.103,0.151,0.296859943908078,"heterozygous","Coq10b","DOWN","Coq10b"
9.25289637923186e-06,-0.103471515816088,0.088,0.134,0.298720506707121,"heterozygous","Zfp651","DOWN","Zfp651"
9.29448705613218e-06,0.222958973141092,0.188,0.139,0.300063220120171,"heterozygous","S100a16","UP","S100a16"
9.73477036036915e-06,-0.202962753648015,0.137,0.188,0.314277326314158,"heterozygous","Gm49164","DOWN","Gm49164"
9.82818392351521e-06,-0.16720706298763,0.225,0.287,0.317293089786765,"heterozygous","Tasp1","DOWN","Tasp1"
9.86081584347138e-06,-0.176197631149154,0.496,0.568,0.31834657869063,"heterozygous","Atxn1","DOWN","Atxn1"
1.02064652234627e-05,0.267681759711514,0.537,0.498,0.329505523274271,"heterozygous","Tnfrsf19","UP","Tnfrsf19"
1.04689009722741e-05,0.197800853005764,0.186,0.138,0.337977998988896,"heterozygous","Ccdc18","UP","Ccdc18"
1.06888400501649e-05,-0.151341600917426,0.508,0.583,0.345078512179524,"heterozygous","Xpr1","DOWN","Xpr1"
1.10310462789638e-05,-0.165363697178327,0.148,0.201,0.356126298070068,"heterozygous","Acvr2a","DOWN","Acvr2a"
1.10481344820445e-05,-0.113743006010007,0.942,0.946,0.356677973618325,"heterozygous","Gabrb1","DOWN","Gabrb1"
1.12498907521006e-05,-0.154955424696445,0.168,0.223,0.363191473040815,"heterozygous","Ak3","DOWN","Ak3"
1.12971619953738e-05,0.176076423435951,0.851,0.867,0.364717577858646,"heterozygous","Trim9","UP","Trim9"
1.13523060080171e-05,0.227222340214395,0.436,0.391,0.366497847162823,"heterozygous","Ngef","UP","Ngef"
1.14672219073072e-05,0.140209062774136,0.911,0.891,0.370207792055507,"heterozygous","Cmss1","UP","Cmss1"
1.17367205666878e-05,-0.128942382511733,0.137,0.19,0.378908286774948,"heterozygous","Lman1","DOWN","Lman1"
1.19481047286672e-05,-0.174292305810305,0.208,0.269,0.385732613060293,"heterozygous","Shroom4","DOWN","Shroom4"
1.22256258117385e-05,0.135715514959839,0.927,0.936,0.394692103706166,"heterozygous","Slc4a4","UP","Slc4a4"
1.25439007964332e-05,-0.131442046482069,0.144,0.198,0.40496729331205,"heterozygous","Ak4","DOWN","Ak4"
1.30947419486813e-05,0.203097729410559,0.223,0.17,0.422750649071227,"heterozygous","Sox1ot","UP","Sox1ot"
1.31397045616963e-05,-0.210683377211532,0.336,0.406,0.424202222069804,"heterozygous","Rgs7bp","DOWN","Rgs7bp"
1.31478838738778e-05,0.209234220089868,0.442,0.398,0.42446628298427,"heterozygous","Spop","UP","Spop"
1.33353497828896e-05,0.210843058403478,0.378,0.32,0.430518432390806,"heterozygous","Hmgcs1","UP","Hmgcs1"
1.40613122897372e-05,0.207633779594069,0.173,0.126,0.453955405961876,"heterozygous","Gm20743","UP","Gm20743"
1.42833717902836e-05,0.103838647363714,0.998,0.999,0.461124374877516,"heterozygous","Zbtb20","UP","Zbtb20"
1.44086370600347e-05,0.229214179809505,0.197,0.151,0.46516843884616,"heterozygous","Dtx1","UP","Dtx1"
1.4826733204504e-05,-0.147009870491972,0.168,0.222,0.478666254774206,"heterozygous","Ralbp1","DOWN","Ralbp1"
1.5272030870535e-05,-0.154065112575026,0.41,0.483,0.493042244624351,"heterozygous","Sesn1","DOWN","Sesn1"
1.5462056130205e-05,-0.142713469082904,0.311,0.381,0.49917702010754,"heterozygous","Csnk1g3","DOWN","Csnk1g3"
1.56088922246747e-05,-0.136842835524787,0.14,0.192,0.503917476581398,"heterozygous","Cdk7","DOWN","Cdk7"
1.57470081426549e-05,0.149548325704786,0.558,0.642,0.508376410877471,"heterozygous","Nrxn3","UP","Nrxn3"
1.60135129537413e-05,-0.189427111217451,0.222,0.281,0.516980252198584,"heterozygous","Pld2","DOWN","Pld2"
1.60136018125651e-05,-0.146658873841624,0.789,0.827,0.516983120916853,"heterozygous","Ndrg2","DOWN","Ndrg2"
1.61140333280218e-05,0.218734501227746,0.577,0.544,0.520225451961857,"heterozygous","Psd2","UP","Psd2"
1.6141244516538e-05,0.189210336612774,0.257,0.204,0.521103937971911,"heterozygous","Ppil6","UP","Ppil6"
1.63462030042121e-05,-0.160168293108677,0.216,0.278,0.527720817787984,"heterozygous","Glcci1","DOWN","Glcci1"
1.69561146831938e-05,-0.118018920022588,0.098,0.144,0.547411206432227,"heterozygous","C630043F03Rik","DOWN","C630043F03Rik"
1.84940513832283e-05,0.180089383672377,0.263,0.21,0.597061954856141,"heterozygous","Ripor2","UP","Ripor2"
1.86350000856002e-05,-0.141789412452767,0.181,0.24,0.601612342763518,"heterozygous","Dgkz","DOWN","Dgkz"
1.9277938779927e-05,-0.131453421197216,0.155,0.211,0.622368975571163,"heterozygous","Paip2b","DOWN","Paip2b"
1.9509261218045e-05,-0.148442041971878,0.149,0.201,0.629836989163365,"heterozygous","Galntl6","DOWN","Galntl6"
1.99660063656053e-05,0.246599223422499,0.388,0.338,0.6445825495072,"heterozygous","Rftn2","UP","Rftn2"
2.01647187225256e-05,0.196936827376295,0.411,0.36,0.650997779238015,"heterozygous","Oga","UP","Oga"
2.02140951415421e-05,-0.151692611312178,0.156,0.209,0.652591847549547,"heterozygous","Slc17a7","DOWN","Slc17a7"
2.04947341827646e-05,-0.154329957863739,0.167,0.223,0.661651998356373,"heterozygous","Lats2","DOWN","Lats2"
2.17467905445958e-05,-0.218804110648591,0.418,0.478,0.70207338594173,"heterozygous","Slc7a2","DOWN","Slc7a2"
2.1978740116881e-05,-0.122803404894331,0.193,0.252,0.709561645933385,"heterozygous","Stx18","DOWN","Stx18"
2.30774731830156e-05,-0.135882497302096,0.166,0.22,0.745033144240474,"heterozygous","Agap3","DOWN","Agap3"
2.35512052586159e-05,0.226725799144921,0.249,0.2,0.760327110569157,"heterozygous","Gramd4","UP","Gramd4"
2.36482556258398e-05,-0.201164487249257,0.362,0.421,0.763460284624612,"heterozygous","Kdm5b","DOWN","Kdm5b"
2.39869520894442e-05,-0.182507200412933,0.343,0.405,0.774394761255615,"heterozygous","Trerf1","DOWN","Trerf1"
2.42321137463513e-05,-0.154478576433005,0.292,0.356,0.782309560187204,"heterozygous","Evi5","DOWN","Evi5"
2.4625675576524e-05,-0.137764087031321,0.182,0.239,0.795015310312499,"heterozygous","Asb8","DOWN","Asb8"
2.47399121778931e-05,-0.120234825082153,0.832,0.866,0.7987033247511,"heterozygous","Lama2","DOWN","Lama2"
2.47401762295603e-05,-0.195562631863373,0.551,0.62,0.798711849395123,"heterozygous","Hacd2","DOWN","Hacd2"
2.55697164720338e-05,-0.169444162930961,0.166,0.218,0.825492726583139,"heterozygous","Ppp1r9b","DOWN","Ppp1r9b"
2.63582985858675e-05,-0.125640339159462,0.14,0.191,0.850951311546146,"heterozygous","Ccdc6","DOWN","Ccdc6"
2.64092180713483e-05,-0.128627004318828,0.188,0.248,0.852595196215408,"heterozygous","Hipk1","DOWN","Hipk1"
2.70762153951405e-05,-0.154269057993912,0.312,0.378,0.874128537816715,"heterozygous","Lrig1","DOWN","Lrig1"
2.72440915032393e-05,0.130626148758918,0.937,0.947,0.879548250090577,"heterozygous","Gnao1","UP","Gnao1"
2.98718428205225e-05,0.217396172943327,0.392,0.343,0.964382573617749,"heterozygous","9630014M24Rik","UP","9630014M24Rik"
3.03641177952399e-05,-0.130298485311808,0.174,0.229,0.980275178901526,"heterozygous","Edem3","DOWN","Edem3"
3.04587881950684e-05,-0.138708784443355,0.353,0.424,0.983331518089587,"heterozygous","Psma3","DOWN","Psma3"
3.08858037444112e-05,-0.159857003844027,0.406,0.477,0.997117288084571,"heterozygous","Itsn2","DOWN","Itsn2"
3.09560841218209e-05,-0.118588763878368,0.523,0.593,0.999386219788866,"heterozygous","Pias1","DOWN","Pias1"
3.16354572647095e-05,-0.165918486447711,0.7,0.753,1,"heterozygous","Mast4","DOWN","Mast4"
3.27571429803577e-05,-0.146653989237565,0.131,0.178,1,"heterozygous","Rasgrp1","DOWN","Rasgrp1"
3.28747845598475e-05,-0.113240968564342,0.131,0.181,1,"heterozygous","Gas6","DOWN","Gas6"
3.28754416590778e-05,0.123953200361861,0.877,0.87,1,"heterozygous","4930402H24Rik","UP","4930402H24Rik"
3.42378027880823e-05,-0.147897478816796,0.239,0.299,1,"heterozygous","Dym","DOWN","Dym"
3.45038708300518e-05,-0.109837544834974,0.094,0.136,1,"heterozygous","Phf10","DOWN","Phf10"
3.48679582295719e-05,-0.103084200891778,0.093,0.136,1,"heterozygous","Ndufa3","DOWN","Ndufa3"
3.60035857544054e-05,-0.114417600888423,0.26,0.326,1,"heterozygous","Pced1b","DOWN","Pced1b"
3.6601784904252e-05,-0.1029353405041,0.195,0.254,1,"heterozygous","Dlst","DOWN","Dlst"
3.76308092578516e-05,-0.139207054871673,0.088,0.129,1,"heterozygous","Sv2b","DOWN","Sv2b"
3.77253112034104e-05,0.205394349603568,0.554,0.519,1,"heterozygous","Specc1","UP","Specc1"
3.84366030993715e-05,-0.209653496091794,0.218,0.277,1,"heterozygous","Plce1","DOWN","Plce1"
3.87231694362456e-05,0.209102104461449,0.49,0.443,1,"heterozygous","Bcar3","UP","Bcar3"
3.92544893577643e-05,0.15867646886882,0.747,0.722,1,"heterozygous","Akap6","UP","Akap6"
4.09534065454709e-05,-0.132599907199507,0.169,0.223,1,"heterozygous","Taf3","DOWN","Taf3"
4.18144134923066e-05,-0.135015836404505,0.132,0.181,1,"heterozygous","Pptc7","DOWN","Pptc7"
4.18807960144437e-05,-0.123991976407259,0.128,0.176,1,"heterozygous","Pepd","DOWN","Pepd"
4.26293827903011e-05,0.196445284248176,0.636,0.608,1,"heterozygous","AY036118","UP","AY036118"
4.27304173723156e-05,0.192072927361926,0.497,0.447,1,"heterozygous","Cog5","UP","Cog5"
4.31820274504232e-05,0.116275373221042,0.943,0.945,1,"heterozygous","Plpp3","UP","Plpp3"
4.35166088746102e-05,-0.132150353332136,0.66,0.724,1,"heterozygous","Itsn1","DOWN","Itsn1"
4.39171834297707e-05,0.185109904187422,0.704,0.691,1,"heterozygous","Slc7a10","UP","Slc7a10"
4.56002211766169e-05,0.224202775966026,0.167,0.124,1,"heterozygous","Emp2","UP","Emp2"
4.67322807813484e-05,-0.214653643568649,0.413,0.478,1,"heterozygous","Mgat4c","DOWN","Mgat4c"
4.71560617020177e-05,-0.10515485344495,0.137,0.188,1,"heterozygous","Timm10b","DOWN","Timm10b"
4.71583581120487e-05,-0.131942118024647,0.165,0.218,1,"heterozygous","Ube2e1","DOWN","Ube2e1"
4.72910456302009e-05,-0.122629504826138,0.078,0.117,1,"heterozygous","Fez2","DOWN","Fez2"
4.78512589673263e-05,-0.163862389389973,0.277,0.336,1,"heterozygous","Pak2","DOWN","Pak2"
4.95888003389406e-05,-0.119261928243022,0.646,0.707,1,"heterozygous","Ptprg","DOWN","Ptprg"
5.05114003134502e-05,-0.195448324970805,0.222,0.282,1,"heterozygous","Fam155a","DOWN","Fam155a"
5.08765929355241e-05,-0.17908168628245,0.633,0.684,1,"heterozygous","Mbnl2","DOWN","Mbnl2"
5.1066904806629e-05,0.108769527705499,0.86,0.852,1,"heterozygous","Tjp1","UP","Tjp1"
5.12616989862901e-05,-0.133458235568009,0.118,0.163,1,"heterozygous","Bzw2","DOWN","Bzw2"
5.22524059841502e-05,-0.168804891889705,0.439,0.501,1,"heterozygous","Cachd1","DOWN","Cachd1"
5.38738206618339e-05,0.205768199274674,0.521,0.482,1,"heterozygous","Mras","UP","Mras"
5.43864993444578e-05,-0.159069919337162,0.379,0.438,1,"heterozygous","Ank","DOWN","Ank"
5.45362137543735e-05,-0.142516481786356,0.492,0.566,1,"heterozygous","Prodh","DOWN","Prodh"
5.45480792993926e-05,0.207715135862985,0.174,0.133,1,"heterozygous","Gm28750","UP","Gm28750"
5.88846099579334e-05,-0.100055857639987,0.342,0.417,1,"heterozygous","Hlf","DOWN","Hlf"
5.93096418926757e-05,-0.168898697793125,0.411,0.474,1,"heterozygous","Rgma","DOWN","Rgma"
5.96004321064091e-05,-0.117168119058392,0.638,0.706,1,"heterozygous","Il1rapl1","DOWN","Il1rapl1"
5.97374864875877e-05,0.194221468837629,0.379,0.328,1,"heterozygous","Sox9","UP","Sox9"
6.21050616902831e-05,0.237801328234842,0.197,0.156,1,"heterozygous","Fam214b","UP","Fam214b"
6.22359819867437e-05,-0.141482401174668,0.469,0.533,1,"heterozygous","Fam168a","DOWN","Fam168a"
6.23118636964069e-05,0.191130163983914,0.205,0.16,1,"heterozygous","Gpr19","UP","Gpr19"
6.40136728539946e-05,-0.118532668979835,0.171,0.224,1,"heterozygous","Gmps","DOWN","Gmps"
6.54977033509522e-05,-0.163516019062735,0.211,0.266,1,"heterozygous","Osbpl6","DOWN","Osbpl6"
6.61189447216169e-05,-0.265463040200348,0.193,0.244,1,"heterozygous","Pkp4","DOWN","Pkp4"
6.62292261522531e-05,-0.110272543910242,0.312,0.38,1,"heterozygous","Vps13a","DOWN","Vps13a"
6.6680579132333e-05,-0.201441423113093,0.408,0.467,1,"heterozygous","Arhgap42","DOWN","Arhgap42"
6.84971769333391e-05,-0.131124246718024,0.73,0.775,1,"heterozygous","Fut9","DOWN","Fut9"
6.94465293617291e-05,-0.142122138845121,0.187,0.24,1,"heterozygous","Eml4","DOWN","Eml4"
6.99927584060441e-05,-0.119350360801287,0.071,0.107,1,"heterozygous","Gm41836","DOWN","Gm41836"
7.17466837856122e-05,-0.127901261034215,0.562,0.63,1,"heterozygous","Srsf2","DOWN","Srsf2"
7.55066118216365e-05,0.188482060011552,0.141,0.102,1,"heterozygous","Ephb3","UP","Ephb3"
7.69954942756926e-05,-0.153479018794502,0.405,0.472,1,"heterozygous","Pag1","DOWN","Pag1"
7.75095764353446e-05,0.192193300699264,0.593,0.566,1,"heterozygous","Ivd","UP","Ivd"
7.86262641435695e-05,-0.148210596203055,0.57,0.63,1,"heterozygous","Rapgef3","DOWN","Rapgef3"
7.86834643573234e-05,-0.12160329001457,0.188,0.24,1,"heterozygous","Sik2","DOWN","Sik2"
7.90784184397183e-05,0.18996733742965,0.152,0.112,1,"heterozygous","Plekho2","UP","Plekho2"
8.01896459927204e-05,-0.134891468947402,0.302,0.362,1,"heterozygous","Abtb2","DOWN","Abtb2"
8.23968300795141e-05,-0.142512702540127,0.14,0.187,1,"heterozygous","Nde1","DOWN","Nde1"
8.33862440957978e-05,-0.117085936009936,0.083,0.121,1,"heterozygous","Hsph1","DOWN","Hsph1"
8.51329482532623e-05,0.198955572680803,0.378,0.333,1,"heterozygous","Kdm3b","UP","Kdm3b"
8.60096319152086e-05,-0.107306354308577,0.262,0.325,1,"heterozygous","Echdc1","DOWN","Echdc1"
8.60264713565684e-05,0.20327494016239,0.154,0.114,1,"heterozygous","Them4","UP","Them4"
8.7154286382135e-05,-0.16699705736289,0.224,0.28,1,"heterozygous","Lrmda","DOWN","Lrmda"
8.77428578691745e-05,0.199316050606084,0.241,0.194,1,"heterozygous","Kif21b","UP","Kif21b"
8.79508436073896e-05,-0.106455282047909,0.074,0.11,1,"heterozygous","Camkv","DOWN","Camkv"
8.82073276728e-05,-0.162646456420788,0.641,0.7,1,"heterozygous","Tmem164","DOWN","Tmem164"
9.09371649939608e-05,-0.118019289453525,0.166,0.218,1,"heterozygous","Slc25a33","DOWN","Slc25a33"
9.13040533948263e-05,-0.155208776960265,0.374,0.436,1,"heterozygous","Sptan1","DOWN","Sptan1"
9.27620832541721e-05,-0.166332836667513,0.374,0.434,1,"heterozygous","Prickle2","DOWN","Prickle2"
9.28640342844592e-05,0.214962525707234,0.334,0.289,1,"heterozygous","Cpne2","UP","Cpne2"
9.29521407378209e-05,0.173012159679677,0.344,0.292,1,"heterozygous","Klhl5","UP","Klhl5"
9.45972034851591e-05,-0.119441826366318,0.122,0.167,1,"heterozygous","Grik1","DOWN","Grik1"
9.60082996713069e-05,-0.112531671345137,0.068,0.102,1,"heterozygous","Gpr89","DOWN","Gpr89"
9.65728384541772e-05,0.193384001697407,0.602,0.571,1,"heterozygous","Fam49b","UP","Fam49b"
9.77266578690703e-05,0.121307194332498,0.829,0.83,1,"heterozygous","Clasp2","UP","Clasp2"
9.84965561436695e-05,-0.136601938808251,0.378,0.448,1,"heterozygous","Stxbp6","DOWN","Stxbp6"
9.97446977686507e-05,-0.117078618606877,0.141,0.189,1,"heterozygous","Ryr2","DOWN","Ryr2"
0.000100035726932884,-0.133269762231258,0.354,0.423,1,"heterozygous","Dlg5","DOWN","Dlg5"
0.000103849775527558,-0.119729736902822,0.081,0.118,1,"heterozygous","Tmem209","DOWN","Tmem209"
0.000104327210643529,0.221820894070028,0.336,0.289,1,"heterozygous","Pcx","UP","Pcx"
0.000106611331757541,-0.127633920385574,0.125,0.169,1,"heterozygous","Gm12940","DOWN","Gm12940"
0.000107203872584474,-0.113721641257965,0.354,0.421,1,"heterozygous","Tnpo1","DOWN","Tnpo1"
0.000108876590321475,0.167336974519019,0.242,0.196,1,"heterozygous","Smpdl3a","UP","Smpdl3a"
0.000110735130463821,-0.11234365804539,0.184,0.239,1,"heterozygous","Yaf2","DOWN","Yaf2"
0.000110757254899559,0.213145291512,0.349,0.304,1,"heterozygous","Prdx1","UP","Prdx1"
0.000111160747144526,0.233142473311693,0.277,0.236,1,"heterozygous","Hspa8","UP","Hspa8"
0.000111781157784475,-0.141004009187063,0.345,0.404,1,"heterozygous","Rapgef2","DOWN","Rapgef2"
0.000112218022722251,0.215779967071847,0.264,0.218,1,"heterozygous","AW047730","UP","AW047730"
0.000113280618935862,-0.166867268777931,0.429,0.492,1,"heterozygous","Hdac4","DOWN","Hdac4"
0.00011430403535524,-0.133429793460604,0.335,0.395,1,"heterozygous","Dctn4","DOWN","Dctn4"
0.000116066672851577,-0.132900127491999,0.116,0.158,1,"heterozygous","Arl5a","DOWN","Arl5a"
0.000116908348764318,-0.156620306079654,0.183,0.233,1,"heterozygous","Frmd6","DOWN","Frmd6"
0.000117834149622185,-0.124616917323025,0.198,0.252,1,"heterozygous","Cers5","DOWN","Cers5"
0.000118338915704885,-0.116496691501484,0.414,0.477,1,"heterozygous","Etv6","DOWN","Etv6"
0.000119066936027362,-0.120615207722246,0.545,0.612,1,"heterozygous","Plcl1","DOWN","Plcl1"
0.000119693636642883,-0.123492939057532,0.164,0.214,1,"heterozygous","Gucy1a2","DOWN","Gucy1a2"
0.000120774356256236,-0.122605687720607,0.161,0.21,1,"heterozygous","Rnf217","DOWN","Rnf217"
0.000120872261985891,0.183866746077152,0.664,0.652,1,"heterozygous","Xylt1","UP","Xylt1"
0.000121986197756897,0.180823977349022,0.102,0.069,1,"heterozygous","2810459M11Rik","UP","2810459M11Rik"
0.000122414199077656,0.214858071047756,0.316,0.27,1,"heterozygous","Ubc","UP","Ubc"
0.000123502401946987,-0.166833918858605,0.3,0.358,1,"heterozygous","Mitf","DOWN","Mitf"
0.000125074720334836,-0.13229991419168,0.22,0.276,1,"heterozygous","Lfng","DOWN","Lfng"
0.000131533589360251,0.136185115154354,0.777,0.755,1,"heterozygous","Kidins220","UP","Kidins220"
0.000132672305086511,-0.136398765841205,0.141,0.185,1,"heterozygous","Mid2","DOWN","Mid2"
0.000134340433072413,-0.11086747667152,0.286,0.35,1,"heterozygous","Adcyap1r1","DOWN","Adcyap1r1"
0.000136492482213725,0.233597038992199,0.384,0.34,1,"heterozygous","Srgap1","UP","Srgap1"
0.000137331232378273,-0.15251090655805,0.231,0.286,1,"heterozygous","Rassf8","DOWN","Rassf8"
0.000138463148957771,0.300680421756226,0.621,0.606,1,"heterozygous","Tprkb","UP","Tprkb"
0.000139777520538715,-0.121291504729561,0.092,0.131,1,"heterozygous","Ern1","DOWN","Ern1"
0.000140256241125464,-0.142951415297286,0.572,0.627,1,"heterozygous","Zfand3","DOWN","Zfand3"
0.000141234413256882,-0.118715405588882,0.084,0.121,1,"heterozygous","Poglut1","DOWN","Poglut1"
0.000145610785437787,-0.1062070781517,0.071,0.106,1,"heterozygous","9430015G10Rik","DOWN","9430015G10Rik"
0.000148115063238825,-0.170275753789194,0.577,0.623,1,"heterozygous","Mboat2","DOWN","Mboat2"
0.00014921258816668,-0.141885840799506,0.282,0.34,1,"heterozygous","Rap1gds1","DOWN","Rap1gds1"
0.00014951319758866,-0.126279719743647,0.207,0.259,1,"heterozygous","Cnot3","DOWN","Cnot3"
0.000151784024080846,-0.13201702675938,0.118,0.16,1,"heterozygous","Uqcr10","DOWN","Uqcr10"
0.000152851830307415,0.127233825300557,0.876,0.867,1,"heterozygous","Ctnna2","UP","Ctnna2"
0.000155884555846285,0.216093336598327,0.322,0.278,1,"heterozygous","Limk2","UP","Limk2"
0.000162880191954164,-0.133039873123871,0.146,0.191,1,"heterozygous","Nck2","DOWN","Nck2"
0.000168132110807372,-0.145325084129068,0.127,0.171,1,"heterozygous","Xkr4","DOWN","Xkr4"
0.000170148871571334,-0.141643368737986,0.606,0.665,1,"heterozygous","Osbpl9","DOWN","Osbpl9"
0.000171049152418172,-0.114458270344787,0.089,0.126,1,"heterozygous","Dctd","DOWN","Dctd"
0.000172569183168811,0.18331938950064,0.473,0.43,1,"heterozygous","Slc22a23","UP","Slc22a23"
0.000174181827628852,0.143321320631357,0.898,0.887,1,"heterozygous","Dmd","UP","Dmd"
0.000175745391985066,-0.117449758032639,0.159,0.208,1,"heterozygous","2900097C17Rik","DOWN","2900097C17Rik"
0.000178304207891626,-0.215891631421664,0.581,0.615,1,"heterozygous","Cdh19","DOWN","Cdh19"
0.000178968653146954,0.23017873553238,0.246,0.204,1,"heterozygous","Gstm1","UP","Gstm1"
0.000180431379665559,0.241718077835996,0.324,0.282,1,"heterozygous","Adamts6","UP","Adamts6"
0.00018051303600963,-0.123776355928715,0.324,0.381,1,"heterozygous","Med12l","DOWN","Med12l"
0.000181100111088044,-0.181273623935233,0.457,0.513,1,"heterozygous","Unc13c","DOWN","Unc13c"
0.000181352173549481,-0.128079649270922,0.157,0.204,1,"heterozygous","Uggt1","DOWN","Uggt1"
0.000184753700294597,0.190434702710499,0.289,0.242,1,"heterozygous","Dapk1","UP","Dapk1"
0.00018797253994666,0.194737719094675,0.322,0.278,1,"heterozygous","Slc1a4","UP","Slc1a4"
0.000191929570928226,0.131635827720392,0.98,0.974,1,"heterozygous","Pbx1","UP","Pbx1"
0.000192555774444104,-0.108395629975752,0.088,0.125,1,"heterozygous","Rhob","DOWN","Rhob"
0.000193973158558324,-0.102676483570916,0.559,0.633,1,"heterozygous","Spred1","DOWN","Spred1"
0.000194334733197241,0.218973524707701,0.205,0.165,1,"heterozygous","Slc13a5","UP","Slc13a5"
0.000194979600145523,-0.125693811673497,0.171,0.22,1,"heterozygous","AA387883","DOWN","AA387883"
0.000195447764646878,-0.133108841009973,0.219,0.273,1,"heterozygous","Vamp2","DOWN","Vamp2"
0.000199761350757297,-0.127473287273292,0.508,0.575,1,"heterozygous","Arih1","DOWN","Arih1"
0.000202015433402956,-0.10997760963817,0.35,0.411,1,"heterozygous","Rps6kb1","DOWN","Rps6kb1"
0.000206090121443162,0.205776673921902,0.316,0.271,1,"heterozygous","Ostm1","UP","Ostm1"
0.000207764995473983,-0.12197595655487,0.146,0.19,1,"heterozygous","Ankrd16","DOWN","Ankrd16"
0.000209693835538329,0.15347991957852,0.217,0.171,1,"heterozygous","Trmt9b","UP","Trmt9b"
0.000209867269623372,-0.106878959074205,0.579,0.644,1,"heterozygous","Ash1l","DOWN","Ash1l"
0.000213547935259488,0.145693712513086,0.159,0.12,1,"heterozygous","Gfod1","UP","Gfod1"
0.000213705447692711,-0.136965141493688,0.207,0.259,1,"heterozygous","Bhlhe40","DOWN","Bhlhe40"
0.000218554061907324,-0.141642058689278,0.192,0.242,1,"heterozygous","Lmbr1","DOWN","Lmbr1"
0.000219627875149902,-0.145119396705859,0.112,0.154,1,"heterozygous","Gadd45g","DOWN","Gadd45g"
0.000224309131027709,-0.103072654987304,0.189,0.241,1,"heterozygous","Sox8","DOWN","Sox8"
0.000228880356078662,0.158349674188097,0.842,0.847,1,"heterozygous","Nebl","UP","Nebl"
0.000233450795280053,0.143106454034376,0.173,0.133,1,"heterozygous","Ppp1r16b","UP","Ppp1r16b"
0.000235676928414577,-0.112876367269526,0.169,0.216,1,"heterozygous","Fyttd1","DOWN","Fyttd1"
0.000235754439197501,0.14085339659277,0.65,0.624,1,"heterozygous","Pde7b","UP","Pde7b"
0.000236543933236354,0.195761411005874,0.61,0.591,1,"heterozygous","Wwc1","UP","Wwc1"
0.000249010012952702,-0.127171656286387,0.448,0.511,1,"heterozygous","Pacrg","DOWN","Pacrg"
0.000252907389448134,0.148500320070542,0.189,0.147,1,"heterozygous","Bcat2","UP","Bcat2"
0.000253336075122828,-0.132035208744949,0.451,0.509,1,"heterozygous","Dip2b","DOWN","Dip2b"
0.000256190918227092,-0.120333132213258,0.313,0.376,1,"heterozygous","Gm37240","DOWN","Gm37240"
0.000261206349652332,-0.185439178609694,0.398,0.456,1,"heterozygous","Otud7a","DOWN","Otud7a"
0.000261494910479846,-0.133104211543859,0.255,0.307,1,"heterozygous","Snph","DOWN","Snph"
0.000263228085131585,-0.131304560266412,0.382,0.451,1,"heterozygous","Pcbp2","DOWN","Pcbp2"
0.000268597202231855,0.146927499212288,0.756,0.74,1,"heterozygous","Add3","UP","Add3"
0.000276934167495112,-0.113161757682573,0.119,0.159,1,"heterozygous","Map1b","DOWN","Map1b"
0.000281514500322386,0.216560253723957,0.336,0.298,1,"heterozygous","Dop1b","UP","Dop1b"
0.000287294375787677,-0.214376126272755,0.084,0.119,1,"heterozygous","Tafa2","DOWN","Tafa2"
0.000292399712412314,-0.157404540105545,0.278,0.331,1,"heterozygous","Setx","DOWN","Setx"
0.000294123829646843,-0.120698219045674,0.161,0.206,1,"heterozygous","Psmd7","DOWN","Psmd7"
0.000295768081735311,-0.133235748274028,0.188,0.237,1,"heterozygous","Srpk1","DOWN","Srpk1"
0.000296662870390359,-0.138107015495967,0.577,0.633,1,"heterozygous","Wwox","DOWN","Wwox"
0.000297309036902032,0.179583608020522,0.444,0.404,1,"heterozygous","Ptar1","UP","Ptar1"
0.000299471277934722,0.18287070701564,0.643,0.622,1,"heterozygous","Kank1","UP","Kank1"
0.000299506390875003,-0.10238051301923,0.166,0.214,1,"heterozygous","Ppil2","DOWN","Ppil2"
0.000302801654130095,0.185238818031635,0.238,0.196,1,"heterozygous","Tubb2a","UP","Tubb2a"
0.000302829072696798,-0.112906902324014,0.457,0.515,1,"heterozygous","Rsf1","DOWN","Rsf1"
0.000303716463971438,-0.127189968332647,0.098,0.134,1,"heterozygous","Fam98a","DOWN","Fam98a"
0.000304301689581372,-0.1224897866739,0.145,0.189,1,"heterozygous","Lef1","DOWN","Lef1"
0.00030549869355522,-0.126779295640332,0.103,0.14,1,"heterozygous","Mtr","DOWN","Mtr"
0.000306860625466052,-0.131969430795903,0.385,0.445,1,"heterozygous","Ap3m1","DOWN","Ap3m1"
0.000308860975254662,-0.101741184949652,0.196,0.248,1,"heterozygous","Ttll4","DOWN","Ttll4"
0.000314170268278834,-0.137109137815353,0.265,0.318,1,"heterozygous","Zfp641","DOWN","Zfp641"
0.000322499173971833,-0.122286146371573,0.158,0.203,1,"heterozygous","Tapt1","DOWN","Tapt1"
0.000324758777367432,-0.115050226547236,0.152,0.197,1,"heterozygous","Zbtb11","DOWN","Zbtb11"
0.00033127625535248,-0.1406308967734,0.325,0.381,1,"heterozygous","Sfswap","DOWN","Sfswap"
0.000337601322067493,-0.118617129312379,0.141,0.185,1,"heterozygous","Frmpd4","DOWN","Frmpd4"
0.000343331682264082,-0.162522091947137,0.222,0.277,1,"heterozygous","Lingo2","DOWN","Lingo2"
0.000350167856515468,-0.117748505267559,0.337,0.394,1,"heterozygous","Cyth1","DOWN","Cyth1"
0.000350567233016873,-0.134713908497865,0.224,0.276,1,"heterozygous","Amot","DOWN","Amot"
0.00035181575511934,-0.107638250552107,0.114,0.153,1,"heterozygous","Kirrel2","DOWN","Kirrel2"
0.000358415237553976,-0.105214553705745,0.133,0.175,1,"heterozygous","Uhrf1bp1l","DOWN","Uhrf1bp1l"
0.000365511297513326,-0.106889448689017,0.131,0.174,1,"heterozygous","Elmod3","DOWN","Elmod3"
0.000369359458152821,-0.101884122037976,0.126,0.167,1,"heterozygous","Exoc7","DOWN","Exoc7"
0.000389884404048067,-0.149434339553484,0.629,0.685,1,"heterozygous","Astn2","DOWN","Astn2"
0.000390798248171781,-0.137685889860068,0.454,0.511,1,"heterozygous","Dbx2","DOWN","Dbx2"
0.000400471693196766,0.152105983177577,0.581,0.556,1,"heterozygous","Lrp1","UP","Lrp1"
0.000400673961857896,-0.111456075245951,0.726,0.769,1,"heterozygous","Glis3","DOWN","Glis3"
0.000402045362944082,-0.101805725259915,0.194,0.245,1,"heterozygous","Ptms","DOWN","Ptms"
0.000403897467523819,0.165158745916472,0.178,0.139,1,"heterozygous","Rarb","UP","Rarb"
0.000410851253177778,-0.122365649053794,0.379,0.438,1,"heterozygous","Rufy3","DOWN","Rufy3"
0.000411260466588098,-0.11403715461348,0.712,0.745,1,"heterozygous","Hepacam","DOWN","Hepacam"
0.000412870183220508,0.179065568694164,0.499,0.453,1,"heterozygous","Itga6","UP","Itga6"
0.00041653382645823,-0.132689477599164,0.118,0.156,1,"heterozygous","Galnt7","DOWN","Galnt7"
0.000416722812014697,-0.100727190884027,0.179,0.226,1,"heterozygous","Mapk14","DOWN","Mapk14"
0.000417095168033878,-0.118745851588775,0.683,0.732,1,"heterozygous","Tcf7l2","DOWN","Tcf7l2"
0.000432606364215705,0.128093610785781,0.945,0.944,1,"heterozygous","Apoe","UP","Apoe"
0.000439659619899756,0.193434324189311,0.33,0.287,1,"heterozygous","Slc20a2","UP","Slc20a2"
0.00044399886058331,-0.102159665316259,0.11,0.148,1,"heterozygous","Sae1","DOWN","Sae1"
0.00044435036607591,0.177951071433567,0.499,0.463,1,"heterozygous","Pou3f3","UP","Pou3f3"
0.000446471635832883,-0.119267238114779,0.201,0.25,1,"heterozygous","Zfp654","DOWN","Zfp654"
0.000450729525190077,-0.120787148084427,0.211,0.261,1,"heterozygous","Pitpna","DOWN","Pitpna"
0.000451034036234818,0.185998504284087,0.124,0.091,1,"heterozygous","Gm7967","UP","Gm7967"
0.000459159946476284,0.211288049861472,0.313,0.27,1,"heterozygous","Diaph3","UP","Diaph3"
0.000472117278779238,-0.125626291249084,0.175,0.221,1,"heterozygous","Ss18","DOWN","Ss18"
0.000474782191135823,-0.114151887340997,0.132,0.173,1,"heterozygous","Atg5","DOWN","Atg5"
0.000475418707616397,0.218223050091475,0.456,0.423,1,"heterozygous","Mir124-2hg","UP","Mir124-2hg"
0.000478411629292425,0.180995034773533,0.549,0.517,1,"heterozygous","Pcmtd1","UP","Pcmtd1"
0.000487904012584376,0.163058698372695,0.583,0.56,1,"heterozygous","Acss1","UP","Acss1"
0.000489944407529932,-0.130985644206672,0.409,0.463,1,"heterozygous","Chpt1","DOWN","Chpt1"
0.00049205964325989,0.135337266382006,0.154,0.118,1,"heterozygous","Cdc42ep4","UP","Cdc42ep4"
0.000503019219040597,-0.114924146134958,0.105,0.142,1,"heterozygous","Tmtc3","DOWN","Tmtc3"
0.000512741975925034,0.175827980487807,0.243,0.203,1,"heterozygous","Dennd2a","UP","Dennd2a"
0.000519496113779394,-0.101977486355139,0.218,0.268,1,"heterozygous","Spata5","DOWN","Spata5"
0.000525257384152835,-0.101049751271714,0.116,0.154,1,"heterozygous","Mad1l1","DOWN","Mad1l1"
0.000527433176719865,0.174388031073355,0.235,0.195,1,"heterozygous","Slc8b1","UP","Slc8b1"
0.000531679111762736,-0.138376677700542,0.176,0.221,1,"heterozygous","Prr16","DOWN","Prr16"
0.000541647424347893,-0.118748674700049,0.395,0.448,1,"heterozygous","Arid2","DOWN","Arid2"
0.000543564364088068,-0.135140100381037,0.407,0.461,1,"heterozygous","Ranbp9","DOWN","Ranbp9"
0.000547814589810131,0.115867042972853,0.7,0.675,1,"heterozygous","Ncor1","UP","Ncor1"
0.000558254402562629,-0.138463115333528,0.608,0.668,1,"heterozygous","Ghr","DOWN","Ghr"
0.0005614023841725,-0.110294867392674,0.142,0.184,1,"heterozygous","Cul2","DOWN","Cul2"
0.000566769310243711,-0.117804265194778,0.562,0.612,1,"heterozygous","Atad2b","DOWN","Atad2b"
0.000575552599906061,-0.119529226758738,0.276,0.328,1,"heterozygous","Nsf","DOWN","Nsf"
0.00058485858888622,-0.121752576464659,0.434,0.496,1,"heterozygous","Gm26512","DOWN","Gm26512"
0.00059058497560742,0.152569825102663,0.795,0.779,1,"heterozygous","Bmpr1b","UP","Bmpr1b"
0.00059646032504049,0.169104403966282,0.299,0.259,1,"heterozygous","Lrp8","UP","Lrp8"
0.000600843616418405,-0.246936102844931,0.147,0.187,1,"heterozygous","Prkg1","DOWN","Prkg1"
0.000614533240512681,-0.102755012944915,0.109,0.145,1,"heterozygous","Lamc1","DOWN","Lamc1"
0.00062064879087779,-0.107657158766316,0.143,0.184,1,"heterozygous","Vamp1","DOWN","Vamp1"
0.000630651157395275,-0.107439124554445,0.101,0.136,1,"heterozygous","Uchl3","DOWN","Uchl3"
0.000636190624777667,0.144832960130042,0.215,0.175,1,"heterozygous","Ctnnbl1","UP","Ctnnbl1"
0.000640794813880937,-0.140627893810666,0.419,0.477,1,"heterozygous","St6gal1","DOWN","St6gal1"
0.000672240828109277,-0.104548105875688,0.249,0.3,1,"heterozygous","Ube2v2","DOWN","Ube2v2"
0.000678493569171011,-0.115017603145364,0.416,0.469,1,"heterozygous","Pten","DOWN","Pten"
0.000683127945684845,-0.10718652940239,0.137,0.178,1,"heterozygous","Gopc","DOWN","Gopc"
0.00068567604484212,-0.135600316824403,0.167,0.21,1,"heterozygous","Jak2","DOWN","Jak2"
0.000687358090009458,0.146147654373319,0.807,0.802,1,"heterozygous","Klf12","UP","Klf12"
0.000692575082028599,-0.129003369135576,0.28,0.33,1,"heterozygous","Polr3h","DOWN","Polr3h"
0.000695397339591224,-0.122402617811183,0.459,0.516,1,"heterozygous","Lars2","DOWN","Lars2"
0.000707745882643666,-0.107164760462245,0.183,0.228,1,"heterozygous","Uba5","DOWN","Uba5"
0.000711680893145906,-0.122420549099773,0.652,0.711,1,"heterozygous","Nr3c2","DOWN","Nr3c2"
0.000712523662156346,0.17968875165812,0.154,0.12,1,"heterozygous","Lhfpl2","UP","Lhfpl2"
0.00071757232588557,-0.149659372078835,0.137,0.18,1,"heterozygous","Gria4","DOWN","Gria4"
0.000718302999677216,-0.144509901580786,0.382,0.435,1,"heterozygous","Tle1","DOWN","Tle1"
0.000725276433556905,-0.124895521224889,0.412,0.469,1,"heterozygous","Btbd9","DOWN","Btbd9"
0.000735138581243979,-0.104573693577007,0.451,0.514,1,"heterozygous","Ablim1","DOWN","Ablim1"
0.000737201891525638,-0.132152727247609,0.402,0.458,1,"heterozygous","Tmod2","DOWN","Tmod2"
0.000738589148164658,0.294019863437951,0.302,0.26,1,"heterozygous","Gm12239","UP","Gm12239"
0.000754682226509051,0.133944527812308,0.112,0.081,1,"heterozygous","Cbr3","UP","Cbr3"
0.000772742622015317,0.17803438887117,0.26,0.222,1,"heterozygous","Spon1","UP","Spon1"
0.000773068323275306,-0.110123462059129,0.422,0.48,1,"heterozygous","Lrch3","DOWN","Lrch3"
0.000775434347920644,-0.122478462040142,0.747,0.801,1,"heterozygous","Psd3","DOWN","Psd3"
0.000776625512312081,0.142490972028068,0.109,0.079,1,"heterozygous","Rpp14","UP","Rpp14"
0.000782192276720677,-0.1034318774848,0.219,0.268,1,"heterozygous","Prkacb","DOWN","Prkacb"
0.000782391277226912,0.159059951316328,0.169,0.133,1,"heterozygous","Unk","UP","Unk"
0.000794843632030326,-0.102872669547216,0.133,0.173,1,"heterozygous","Pabpc1","DOWN","Pabpc1"
0.000798989508258877,-0.112072987578148,0.164,0.207,1,"heterozygous","Nudt5","DOWN","Nudt5"
0.000805192580876457,0.164569729474311,0.181,0.144,1,"heterozygous","Aqp9","UP","Aqp9"
0.00081092657446878,-0.1219540711618,0.153,0.196,1,"heterozygous","Ppm1l","DOWN","Ppm1l"
0.00081723421596901,-0.100334748081757,0.098,0.132,1,"heterozygous","Nup188","DOWN","Nup188"
0.00082119623497932,-0.108190651045689,0.17,0.214,1,"heterozygous","Ipo11","DOWN","Ipo11"
0.000826941854233956,-0.123859602627782,0.074,0.104,1,"heterozygous","Heph","DOWN","Heph"
0.000852753701635398,0.183416586944485,0.514,0.479,1,"heterozygous","Itm2b","UP","Itm2b"
0.000853682499144394,-0.101540341763813,0.185,0.231,1,"heterozygous","Sec11a","DOWN","Sec11a"
0.000859058544398891,-0.121767773082007,0.114,0.151,1,"heterozygous","Myo16","DOWN","Myo16"
0.000859578285415039,-0.141062030290378,0.175,0.216,1,"heterozygous","Plcl2","DOWN","Plcl2"
0.000865342264751169,0.199223685049634,0.493,0.464,1,"heterozygous","Fbrsl1","UP","Fbrsl1"
0.00087532831481629,-0.108178934979882,0.624,0.684,1,"heterozygous","Il18","DOWN","Il18"
0.000885558479811321,-0.106225129289198,0.108,0.143,1,"heterozygous","Nrg2","DOWN","Nrg2"
0.0008916009563606,-0.111204945147981,0.183,0.227,1,"heterozygous","Ftl1","DOWN","Ftl1"
0.000903797523259308,0.16155454490663,0.528,0.494,1,"heterozygous","Dtx3","UP","Dtx3"
0.000907734445419293,0.130933211448579,0.127,0.094,1,"heterozygous","Fbxo2","UP","Fbxo2"
0.000911455720902987,-0.115143554331544,0.449,0.509,1,"heterozygous","Hip1","DOWN","Hip1"
0.000934804772330918,0.162624828299307,0.322,0.28,1,"heterozygous","Cdh4","UP","Cdh4"
0.000945199407187698,-0.101161465593195,0.283,0.337,1,"heterozygous","Khdrbs1","DOWN","Khdrbs1"
0.000949523396867079,-0.175031400311825,0.368,0.415,1,"heterozygous","Agmo","DOWN","Agmo"
0.000957607476286791,0.175353882021349,0.182,0.148,1,"heterozygous","Pde9a","UP","Pde9a"
0.000976210475100359,-0.103931203688399,0.347,0.399,1,"heterozygous","Enox1","DOWN","Enox1"
0.000987947523303903,0.171305437758363,0.479,0.444,1,"heterozygous","Chst11","UP","Chst11"
0.000990549144856069,-0.130762519085773,0.131,0.168,1,"heterozygous","Zdhhc14","DOWN","Zdhhc14"
0.000990662766071785,0.164107487905924,0.44,0.402,1,"heterozygous","Notch1","UP","Notch1"
0.00101148791286178,0.229981225413346,0.436,0.408,1,"heterozygous","Tom1l1","UP","Tom1l1"
0.00103220400698291,0.154384786604811,0.551,0.526,1,"heterozygous","Shc3","UP","Shc3"
0.00103820086364033,-0.10602561053638,0.871,0.893,1,"heterozygous","Kif1b","DOWN","Kif1b"
0.00107841442527022,-0.135633151837505,0.241,0.289,1,"heterozygous","Itpr1","DOWN","Itpr1"
0.00108769035566709,-0.106998909336925,0.193,0.237,1,"heterozygous","Atg16l1","DOWN","Atg16l1"
0.0010983505722179,0.122600312689599,0.179,0.143,1,"heterozygous","Wnt7a","UP","Wnt7a"
0.00111300949163393,-0.103283028950932,0.099,0.133,1,"heterozygous","Stk40","DOWN","Stk40"
0.00112891797693824,-0.108585783094126,0.092,0.125,1,"heterozygous","Ndp","DOWN","Ndp"
0.00114342104729688,0.170872826775194,0.109,0.081,1,"heterozygous","P2rx4","UP","P2rx4"
0.00114960498009821,0.190972368852255,0.15,0.118,1,"heterozygous","Fbxo10","UP","Fbxo10"
0.00115913318912762,-0.105199935587704,0.577,0.636,1,"heterozygous","Mkln1","DOWN","Mkln1"
0.00117188561933729,0.157286744055309,0.411,0.371,1,"heterozygous","Timp3","UP","Timp3"
0.00118334353173623,-0.108180368185626,0.106,0.14,1,"heterozygous","Tmf1","DOWN","Tmf1"
0.00119366855562961,0.181379433416825,0.327,0.289,1,"heterozygous","Rimklb","UP","Rimklb"
0.00120064746553303,0.154210971333012,0.142,0.11,1,"heterozygous","Papss2","UP","Papss2"
0.00121428757988864,-0.122734003270633,0.345,0.401,1,"heterozygous","Dnajc3","DOWN","Dnajc3"
0.00125106521679676,-0.162448358872987,0.295,0.342,1,"heterozygous","Pdzph1","DOWN","Pdzph1"
0.00127234941472006,0.138937597875339,0.711,0.696,1,"heterozygous","Nfat5","UP","Nfat5"
0.00127351409311743,-0.100398408181118,0.278,0.329,1,"heterozygous","Mtch2","DOWN","Mtch2"
0.00130771890336965,0.166266692349011,0.332,0.297,1,"heterozygous","Slc30a10","UP","Slc30a10"
0.00132077849436401,-0.152348126442175,0.537,0.578,1,"heterozygous","Kansl1l","DOWN","Kansl1l"
0.0013230179633223,-0.126536261656581,0.392,0.438,1,"heterozygous","Pfkp","DOWN","Pfkp"
0.00134476963471777,0.245971350432827,0.309,0.273,1,"heterozygous","C030005K06Rik","UP","C030005K06Rik"
0.00136750406131576,0.207633851017641,0.483,0.451,1,"heterozygous","4632427E13Rik","UP","4632427E13Rik"
0.00137391841569301,0.202121171444291,0.27,0.235,1,"heterozygous","Amer2","UP","Amer2"
0.00138652889203506,-0.146671148665023,0.452,0.498,1,"heterozygous","Chka","DOWN","Chka"
0.00141964479422463,0.181682101326425,0.408,0.38,1,"heterozygous","Kifc3","UP","Kifc3"
0.00143424081628224,0.176600686988104,0.252,0.214,1,"heterozygous","Cacna1a","UP","Cacna1a"
0.00143692969100484,-0.102638940214955,0.098,0.131,1,"heterozygous","Pde1a","DOWN","Pde1a"
0.0014579535037256,-0.107829246353999,0.109,0.143,1,"heterozygous","Catspere2","DOWN","Catspere2"
0.00147953286373199,-0.121815906827499,0.287,0.335,1,"heterozygous","Caprin1","DOWN","Caprin1"
0.00148209191264923,0.190004648953849,0.458,0.424,1,"heterozygous","E130114P18Rik","UP","E130114P18Rik"
0.00150092760659073,-0.111684376840605,0.205,0.251,1,"heterozygous","P2ry14","DOWN","P2ry14"
0.00151428993563702,-0.110661652193419,0.252,0.3,1,"heterozygous","Mpc1","DOWN","Mpc1"
0.00154989875112031,-0.120547065848383,0.174,0.214,1,"heterozygous","Cep83","DOWN","Cep83"
0.00155528457187927,-0.217422818756007,0.085,0.115,1,"heterozygous","Ror1","DOWN","Ror1"
0.00157340665175609,-0.111505794805017,0.197,0.241,1,"heterozygous","Timp4","DOWN","Timp4"
0.00157423883523833,0.121246223413375,0.667,0.648,1,"heterozygous","Zeb2","UP","Zeb2"
0.00158008452994899,-0.12492228979322,0.126,0.161,1,"heterozygous","Rnh1","DOWN","Rnh1"
0.0015814976938458,-0.111790049933756,0.476,0.534,1,"heterozygous","Tmem135","DOWN","Tmem135"
0.00158469526512424,-0.112496422995231,0.189,0.232,1,"heterozygous","Tcerg1","DOWN","Tcerg1"
0.0016014260131219,0.204429234399357,0.199,0.167,1,"heterozygous","Igfbp2","UP","Igfbp2"
0.0016366417913734,0.170542032061138,0.255,0.218,1,"heterozygous","Gm31224","UP","Gm31224"
0.00163786065374288,-0.157552187431163,0.267,0.318,1,"heterozygous","Esyt2","DOWN","Esyt2"
0.00164798665838294,-0.135852051864201,0.167,0.205,1,"heterozygous","Ptpn2","DOWN","Ptpn2"
0.00165102065410529,0.1722303808612,0.113,0.085,1,"heterozygous","Gm28411","UP","Gm28411"
0.00165574868577829,-0.143444432237605,0.399,0.449,1,"heterozygous","Pum1","DOWN","Pum1"
0.0016824124796821,0.162354079222493,0.491,0.457,1,"heterozygous","Lypd6","UP","Lypd6"
0.00170587842512574,-0.103418693019046,0.799,0.839,1,"heterozygous","Lrp1b","DOWN","Lrp1b"
0.00172072434847324,0.163995385063379,0.461,0.431,1,"heterozygous","Adhfe1","UP","Adhfe1"
0.00174746302472621,-0.114752183027368,0.26,0.308,1,"heterozygous","Psmd11","DOWN","Psmd11"
0.00175394776668928,0.161394937242327,0.664,0.642,1,"heterozygous","Kcnma1","UP","Kcnma1"
0.00175789805906162,0.108209197951469,0.103,0.076,1,"heterozygous","Triobp","UP","Triobp"
0.00179221458118638,-0.10780096252469,0.243,0.293,1,"heterozygous","Fbxw7","DOWN","Fbxw7"
0.00179952805423978,-0.108256888494117,0.309,0.356,1,"heterozygous","Atp5c1","DOWN","Atp5c1"
0.00186574662994733,0.16918519409233,0.339,0.303,1,"heterozygous","Gabrg1","UP","Gabrg1"
0.00187975969796733,0.199939066943739,0.401,0.373,1,"heterozygous","Btbd17","UP","Btbd17"
0.00190225623862304,0.209294836733515,0.192,0.158,1,"heterozygous","Lgr6","UP","Lgr6"
0.00192693897157609,-0.117522487148786,0.378,0.426,1,"heterozygous","Larp1","DOWN","Larp1"
0.002030553442292,-0.100566989993388,0.438,0.491,1,"heterozygous","Arid4b","DOWN","Arid4b"
0.00203650070049034,0.145447957299388,0.164,0.132,1,"heterozygous","Clip2","UP","Clip2"
0.00204484066341606,0.116669480365431,0.155,0.122,1,"heterozygous","Gm31323","UP","Gm31323"
0.00204700645290328,0.150415930062593,0.14,0.109,1,"heterozygous","Arhgap24","UP","Arhgap24"
0.00209656972878061,-0.109585859623178,0.262,0.31,1,"heterozygous","Clint1","DOWN","Clint1"
0.00215606062566684,-0.167263651565261,0.248,0.287,1,"heterozygous","Plxna2","DOWN","Plxna2"
0.0021586685351944,-0.114932847907213,0.643,0.684,1,"heterozygous","Tmtc2","DOWN","Tmtc2"
0.00216325200884791,-0.104677087542739,0.198,0.239,1,"heterozygous","Msl1","DOWN","Msl1"
0.00217512203683293,0.167293961064626,0.318,0.283,1,"heterozygous","Foxn2","UP","Foxn2"
0.00222400987774674,0.165248749799416,0.379,0.341,1,"heterozygous","Gm11149","UP","Gm11149"
0.00223170410624876,-0.103721966242336,0.153,0.19,1,"heterozygous","Stk24","DOWN","Stk24"
0.00224331265598879,0.126410862545511,0.167,0.134,1,"heterozygous","Plekho1","UP","Plekho1"
0.00232832195107276,-0.10805863102354,0.334,0.384,1,"heterozygous","Cep350","DOWN","Cep350"
0.00232951853456426,-0.112251645409146,0.083,0.111,1,"heterozygous","Rtp4","DOWN","Rtp4"
0.00234025937149784,-0.113159597249269,0.664,0.72,1,"heterozygous","St3gal4","DOWN","St3gal4"
0.00234708745152293,0.235338055964599,0.645,0.625,1,"heterozygous","Dcc","UP","Dcc"
0.00236904635028188,0.192344130229925,0.631,0.619,1,"heterozygous","Ugp2","UP","Ugp2"
0.00244124489135562,0.138354919714095,0.626,0.603,1,"heterozygous","Igf1r","UP","Igf1r"
0.00244657762175209,-0.1101926441282,0.595,0.642,1,"heterozygous","Mfn1","DOWN","Mfn1"
0.00246427746469496,-0.139621937187262,0.334,0.381,1,"heterozygous","Dio2","DOWN","Dio2"
0.0025574306257063,0.18055259648844,0.448,0.42,1,"heterozygous","Aldh1l1","UP","Aldh1l1"
0.00262650353567207,-0.103778220427815,0.432,0.488,1,"heterozygous","Crtc3","DOWN","Crtc3"
0.00263945471210631,0.177745147109674,0.428,0.398,1,"heterozygous","Arhgef19","UP","Arhgef19"
0.00268917764863332,0.16648254475493,0.42,0.39,1,"heterozygous","Cd2ap","UP","Cd2ap"
0.00269286841373181,0.170239523237233,0.269,0.234,1,"heterozygous","Lrrc49","UP","Lrrc49"
0.00270721525695016,-0.110854027813286,0.094,0.122,1,"heterozygous","Syt7","DOWN","Syt7"
0.00279286654873471,0.16538274434965,0.203,0.17,1,"heterozygous","Gm12224","UP","Gm12224"
0.00280902460845083,0.159557703942341,0.176,0.145,1,"heterozygous","Mtus1","UP","Mtus1"
0.00295585106049613,-0.11895820457008,0.216,0.256,1,"heterozygous","Lonrf3","DOWN","Lonrf3"
0.00298420282329542,-0.118987136995949,0.267,0.31,1,"heterozygous","Gdi2","DOWN","Gdi2"
0.00299726018277254,-0.123677800752122,0.637,0.687,1,"heterozygous","Mcc","DOWN","Mcc"
0.0030003394230928,-0.110336699271234,0.354,0.402,1,"heterozygous","Ube2g1","DOWN","Ube2g1"
0.00300373025196529,0.13039017593585,0.11,0.083,1,"heterozygous","Col16a1","UP","Col16a1"
0.00310387156485472,-0.11464705565793,0.245,0.287,1,"heterozygous","Ppm1a","DOWN","Ppm1a"
0.00312040974114903,0.148394060250699,0.106,0.081,1,"heterozygous","Cat","UP","Cat"
0.00314198589127412,0.115220097255076,0.204,0.168,1,"heterozygous","Nt5dc1","UP","Nt5dc1"
0.00330417593961016,-0.116830418472205,0.142,0.176,1,"heterozygous","1700025G04Rik","DOWN","1700025G04Rik"
0.00342248950725447,-0.118387011567795,0.153,0.188,1,"heterozygous","Napb","DOWN","Napb"
0.0034365842302241,-0.1013702199909,0.179,0.218,1,"heterozygous","Paxx","DOWN","Paxx"
0.00349786876855662,0.152220577195164,0.409,0.379,1,"heterozygous","Tnrc18","UP","Tnrc18"
0.00352142128477235,0.174137973545437,0.208,0.176,1,"heterozygous","Adgrg1","UP","Adgrg1"
0.00354207637117721,0.169259132855593,0.199,0.167,1,"heterozygous","Fabp5","UP","Fabp5"
0.00359825576249247,-0.136222709831895,0.118,0.152,1,"heterozygous","Slc12a2","DOWN","Slc12a2"
0.00373281644102709,-0.10141097312566,0.41,0.461,1,"heterozygous","Kcnk1","DOWN","Kcnk1"
0.00373813443319411,0.284937349576509,0.327,0.295,1,"heterozygous","Trim2","UP","Trim2"
0.00388431881323925,-0.130190557291682,0.415,0.455,1,"heterozygous","Ube3c","DOWN","Ube3c"
0.00397006281800967,-0.102131179797964,0.283,0.326,1,"heterozygous","Nsdhl","DOWN","Nsdhl"
0.00401902499172356,0.136591147383418,0.199,0.167,1,"heterozygous","Lcat","UP","Lcat"
0.00409789134060467,-0.103562947324028,0.131,0.163,1,"heterozygous","Dgkh","DOWN","Dgkh"
0.00412026813326478,-0.10230869105432,0.14,0.174,1,"heterozygous","Smad5","DOWN","Smad5"
0.00413496362001787,0.168944646553664,0.263,0.23,1,"heterozygous","Mapk6","UP","Mapk6"
0.00422350319769438,0.116063477400986,0.807,0.808,1,"heterozygous","Sema6d","UP","Sema6d"
0.00425393453685124,0.144720015935789,0.388,0.356,1,"heterozygous","Snx13","UP","Snx13"
0.00428278482137714,-0.134032566320333,0.258,0.299,1,"heterozygous","Rps6ka3","DOWN","Rps6ka3"
0.00429624640548904,0.132350895373673,0.174,0.144,1,"heterozygous","Ccdc80","UP","Ccdc80"
0.00430827803742708,-0.102903178249925,0.282,0.323,1,"heterozygous","Stat5b","DOWN","Stat5b"
0.00451539182323713,0.172095437422902,0.228,0.194,1,"heterozygous","Slc25a21","UP","Slc25a21"
0.004517653661715,-0.131161289903273,0.127,0.158,1,"heterozygous","Itih5","DOWN","Itih5"
0.004518599982615,0.127965650341521,0.13,0.103,1,"heterozygous","Decr1","UP","Decr1"
0.00455928026854352,0.15111621648206,0.432,0.405,1,"heterozygous","Rsrc2","UP","Rsrc2"
0.00459658291403965,-0.106382563240607,0.221,0.259,1,"heterozygous","Uvrag","DOWN","Uvrag"
0.00463373518868577,-0.10949352176007,0.212,0.25,1,"heterozygous","Dnajc5","DOWN","Dnajc5"
0.00465325466642662,0.138997405112708,0.556,0.53,1,"heterozygous","Tulp4","UP","Tulp4"
0.00476727436224593,-0.122330034568644,0.325,0.373,1,"heterozygous","Rock2","DOWN","Rock2"
0.00495615882562291,0.199276786454841,0.232,0.201,1,"heterozygous","Gm19522","UP","Gm19522"
0.00500157001608496,-0.115091751591142,0.606,0.644,1,"heterozygous","Slc25a3","DOWN","Slc25a3"
0.00507184929822776,-0.131484844551982,0.283,0.321,1,"heterozygous","Pgm1","DOWN","Pgm1"
0.00511882196259315,0.16022016288157,0.188,0.159,1,"heterozygous","Lysmd4","UP","Lysmd4"
0.00514748940890142,0.190857933569652,0.345,0.319,1,"heterozygous","Tmem56","UP","Tmem56"
0.00525924145990477,0.141545403443707,0.169,0.141,1,"heterozygous","Tex9","UP","Tex9"
0.005275594232697,-0.109446925043146,0.077,0.102,1,"heterozygous","Aven","DOWN","Aven"
0.00531475274104483,0.118106611811278,0.143,0.114,1,"heterozygous","Fam227a","UP","Fam227a"
0.00535521069397481,0.121922275382717,0.112,0.088,1,"heterozygous","Rnft2","UP","Rnft2"
0.00539398431672089,0.140237205927351,0.184,0.154,1,"heterozygous","Syne2","UP","Syne2"
0.00544248294183541,0.131975878847432,0.307,0.273,1,"heterozygous","Hsp90b1","UP","Hsp90b1"
0.00575188869114875,0.14324401691828,0.401,0.366,1,"heterozygous","Rhoq","UP","Rhoq"
0.00575480084203232,-0.107720483149164,0.21,0.247,1,"heterozygous","Camk2a","DOWN","Camk2a"
0.00589836329390758,0.143425536038756,0.174,0.145,1,"heterozygous","Fam102a","UP","Fam102a"
0.00596295665102596,0.17227765374356,0.435,0.413,1,"heterozygous","Elmo2","UP","Elmo2"
0.00623342388044897,0.17595037863141,0.383,0.36,1,"heterozygous","Cs","UP","Cs"
0.00633506395665637,0.130372991047713,0.203,0.171,1,"heterozygous","Itgb3bp","UP","Itgb3bp"
0.00633729062889795,0.136476192298493,0.119,0.151,1,"heterozygous","Pbx3","UP","Pbx3"
0.0063796278327658,0.100342408113564,0.15,0.121,1,"heterozygous","Olfml1","UP","Olfml1"
0.00645018405818465,0.123529028828365,0.178,0.148,1,"heterozygous","Gnai2","UP","Gnai2"
0.00647565209261371,-0.120341506215563,0.143,0.175,1,"heterozygous","Tafa1","DOWN","Tafa1"
0.0066699141404834,-0.102874483209841,0.196,0.233,1,"heterozygous","Gria3","DOWN","Gria3"
0.00668991253895555,0.165176547619703,0.353,0.327,1,"heterozygous","C030018K13Rik","UP","C030018K13Rik"
0.00670605121846873,0.111649567283683,0.931,0.939,1,"heterozygous","Pitpnc1","UP","Pitpnc1"
0.00680920519173046,-0.110603903394977,0.18,0.214,1,"heterozygous","Nfs1","DOWN","Nfs1"
0.00681056023835916,0.137887300944314,0.115,0.09,1,"heterozygous","Bahcc1","UP","Bahcc1"
0.00681636168666073,0.188936421488453,0.161,0.134,1,"heterozygous","Col4a5","UP","Col4a5"
0.00685853593532719,0.188809536013887,0.3,0.271,1,"heterozygous","Sned1","UP","Sned1"
0.00701888936866098,-0.12658281941795,0.122,0.152,1,"heterozygous","Tnc","DOWN","Tnc"
0.00708909106341046,0.136669385331268,0.145,0.118,1,"heterozygous","Bcl11a","UP","Bcl11a"
0.00726901210904439,0.160953995482047,0.426,0.401,1,"heterozygous","Bckdhb","UP","Bckdhb"
0.00732973685448483,0.109887501159904,0.111,0.087,1,"heterozygous","Thbs3","UP","Thbs3"
0.00742133280676692,0.171533062968685,0.318,0.288,1,"heterozygous","1500004A13Rik","UP","1500004A13Rik"
0.00745967536071466,0.126847216055168,0.126,0.1,1,"heterozygous","Mrpl52","UP","Mrpl52"
0.00752124415423762,-0.111685987051603,0.44,0.479,1,"heterozygous","Cnot2","DOWN","Cnot2"
0.00777188162696082,0.13039722754786,0.139,0.112,1,"heterozygous","Ifi27","UP","Ifi27"
0.00777500311553822,-0.106491420913759,0.268,0.308,1,"heterozygous","Pak1","DOWN","Pak1"
0.00783316680748317,-0.108000403784338,0.17,0.203,1,"heterozygous","Aass","DOWN","Aass"
0.00805248576662758,0.125051075135476,0.17,0.143,1,"heterozygous","Pdia6","UP","Pdia6"
0.00807835687751595,0.154790316688414,0.219,0.19,1,"heterozygous","Ercc6l2","UP","Ercc6l2"
0.00826541656512516,0.138469157719313,0.183,0.156,1,"heterozygous","Sorbs3","UP","Sorbs3"
0.00836185766984946,0.124823717590726,0.124,0.099,1,"heterozygous","Airn","UP","Airn"
0.00847512608979435,-0.112915770369384,0.18,0.214,1,"heterozygous","4930544I03Rik","DOWN","4930544I03Rik"
0.00849026387064563,0.135179409451208,0.507,0.488,1,"heterozygous","Tmem178b","UP","Tmem178b"
0.00856442979769567,0.164885118818999,0.253,0.222,1,"heterozygous","Itih3","UP","Itih3"
0.00926704648164793,-0.105276615048161,0.094,0.119,1,"heterozygous","Heg1","DOWN","Heg1"
0.00929981046644875,0.172018998984856,0.299,0.273,1,"heterozygous","Grhl1","UP","Grhl1"
0.00950192820367275,0.137598422413971,0.251,0.222,1,"heterozygous","Vcp","UP","Vcp"
0.00961376006070112,-0.104629203424049,0.205,0.237,1,"heterozygous","Arid5b","DOWN","Arid5b"
0.00983725877445835,0.135300394035085,0.163,0.136,1,"heterozygous","Klhl12","UP","Klhl12"
0.00987956213779483,0.129121548569576,0.166,0.139,1,"heterozygous","Micu2","UP","Micu2"
